timestamp,cpu_utility_pct,memory_in_use_pct,disk_active_time_pct,virtual_memory_pct,process_count,disk_queue_length
2026-04-13T10:40:13.939Z,8.70,87.31,0.00,18.53,351,0.00
2026-04-13T10:40:15.948Z,23.54,87.48,0.00,18.53,351,0.00
2026-04-13T10:40:17.949Z,17.36,86.95,0.00,18.53,350,0.00
2026-04-13T10:40:19.952Z,24.47,87.01,0.00,18.53,350,0.00
2026-04-13T10:40:21.957Z,25.02,86.97,0.00,18.53,350,0.00
2026-04-13T10:40:23.963Z,23.38,86.84,0.00,18.53,350,0.00
2026-04-13T10:40:25.967Z,22.93,87.00,0.00,18.53,349,0.00
2026-04-13T10:40:27.972Z,20.49,86.97,0.00,18.53,350,0.00
2026-04-13T10:40:29.977Z,20.15,87.00,0.00,18.53,350,0.00
2026-04-13T10:40:31.983Z,23.12,86.82,0.00,18.53,350,0.00
2026-04-13T10:40:33.987Z,22.40,87.05,0.00,18.53,352,0.00
2026-04-13T10:40:35.992Z,47.41,87.09,0.00,18.38,350,0.00
2026-04-13T10:40:38.004Z,29.00,87.50,0.00,18.38,351,0.00
2026-04-13T10:40:40.009Z,44.99,89.52,0.00,18.44,354,0.00
2026-04-13T10:40:42.017Z,58.29,86.94,0.00,24.61,354,0.00
2026-04-13T10:40:44.019Z,33.15,86.65,0.00,24.60,355,0.00
2026-04-13T10:40:46.024Z,42.85,87.40,0.00,24.58,357,0.00
2026-04-13T10:40:54.043Z,19.00,88.57,0.00,23.95,354,0.00
2026-04-13T10:40:56.048Z,24.11,88.30,0.00,23.95,354,0.00
2026-04-13T10:40:58.053Z,28.24,87.09,0.00,24.35,352,0.00
2026-04-13T10:41:00.060Z,25.30,87.10,0.00,24.35,352,0.00
2026-04-13T10:41:02.063Z,30.41,87.03,0.00,24.35,352,0.00
2026-04-13T10:41:04.071Z,22.38,86.95,0.00,24.35,352,0.00
2026-04-13T10:41:06.072Z,21.40,86.85,0.00,24.35,352,0.00
2026-04-13T10:41:08.077Z,26.05,86.71,0.00,24.35,352,0.00
2026-04-13T10:41:10.085Z,26.90,86.75,0.00,24.35,353,0.00
2026-04-13T10:41:12.086Z,26.24,87.62,0.00,24.30,353,0.00
2026-04-13T10:41:14.100Z,27.50,87.57,0.00,24.30,352,0.00
2026-04-13T10:41:16.105Z,29.72,87.02,0.00,24.21,352,0.00
2026-04-13T10:41:18.108Z,29.82,87.23,0.00,24.21,353,0.00
2026-04-13T10:41:20.114Z,53.05,87.41,0.00,24.21,352,0.00
2026-04-13T10:41:22.119Z,33.53,87.26,0.00,24.21,352,0.00
2026-04-13T10:41:24.124Z,26.59,87.21,0.00,24.21,352,0.00
2026-04-13T10:41:26.129Z,22.42,87.14,0.00,24.21,352,0.00
2026-04-13T10:41:28.133Z,29.62,87.29,0.00,24.21,352,0.00
2026-04-13T10:41:30.139Z,27.66,87.18,0.00,24.21,352,0.00
2026-04-13T10:41:32.143Z,17.92,87.17,0.00,24.21,351,0.00
2026-04-13T10:41:34.149Z,22.00,87.19,0.00,24.19,349,0.00
2026-04-13T10:41:36.150Z,23.32,87.15,0.00,24.19,349,0.00
2026-04-13T10:41:38.151Z,31.26,87.18,0.00,24.19,349,0.00
2026-04-13T10:41:40.154Z,25.68,87.22,0.00,24.19,349,0.00
2026-04-13T10:41:42.159Z,25.12,87.19,0.00,24.19,349,0.00
2026-04-13T10:41:44.164Z,29.05,87.37,0.00,24.19,349,0.00
2026-04-13T10:41:46.176Z,23.73,87.12,0.00,24.19,349,0.00
2026-04-13T10:41:48.182Z,21.26,87.01,0.00,24.19,349,0.00
2026-04-13T10:41:50.187Z,26.46,87.04,0.00,24.19,349,0.00
2026-04-13T10:41:52.191Z,24.90,86.97,0.00,24.19,349,0.00
2026-04-13T10:41:54.199Z,21.04,87.04,0.00,24.19,349,0.00
2026-04-13T10:41:56.202Z,22.05,87.04,0.00,24.19,349,0.00
2026-04-13T10:41:58.202Z,21.98,87.04,0.00,24.19,349,0.00
2026-04-13T10:42:00.203Z,21.30,87.09,0.00,24.19,349,0.00
2026-04-13T10:42:02.207Z,17.50,87.11,0.00,24.19,349,0.00
2026-04-13T10:42:04.212Z,16.50,87.12,0.00,24.19,349,0.00
2026-04-13T10:42:06.217Z,16.46,87.15,0.00,24.19,349,0.00
2026-04-13T10:42:08.226Z,19.08,87.13,0.00,24.14,349,0.00
2026-04-13T10:42:10.237Z,26.67,86.34,0.00,24.14,349,0.00
2026-04-13T10:42:12.240Z,18.49,86.44,0.00,24.14,349,0.00
2026-04-13T10:42:14.252Z,17.29,86.47,0.00,24.14,349,0.00
2026-04-13T10:42:16.258Z,20.41,86.45,0.00,24.14,349,0.00
2026-04-13T10:42:18.263Z,24.89,86.46,0.00,24.14,349,0.00
2026-04-13T10:42:20.267Z,20.46,86.40,0.00,24.14,349,0.00
2026-04-13T10:42:22.272Z,21.68,86.43,0.00,24.14,349,0.00
2026-04-13T10:42:24.277Z,18.91,86.42,0.00,24.14,351,0.00
2026-04-13T10:42:26.282Z,29.03,86.89,0.00,24.12,351,0.00
2026-04-13T10:42:28.291Z,38.41,86.60,0.00,24.12,352,0.00
2026-04-13T10:42:30.292Z,50.13,87.43,0.00,24.12,353,0.00
2026-04-13T10:42:32.296Z,30.36,87.15,0.00,24.12,353,0.00
2026-04-13T10:42:34.311Z,28.03,87.21,0.00,24.12,353,0.00
2026-04-13T10:42:36.313Z,32.94,86.97,0.00,24.12,351,0.00
2026-04-13T10:42:38.328Z,31.90,87.27,0.00,24.12,351,0.00
2026-04-13T10:42:40.332Z,20.86,87.24,0.00,24.12,352,0.00
2026-04-13T10:42:42.337Z,33.06,87.81,0.00,24.12,353,0.00
2026-04-13T10:42:44.342Z,27.21,87.96,0.00,24.12,353,0.00
2026-04-13T10:42:46.347Z,24.55,88.18,0.00,24.12,353,0.00
2026-04-13T10:42:48.352Z,26.73,87.85,0.00,24.12,353,0.00
2026-04-13T10:42:50.356Z,30.70,87.70,0.00,24.12,353,0.00
2026-04-13T10:42:52.361Z,20.28,87.73,0.00,24.12,353,0.00
2026-04-13T10:42:54.366Z,20.12,87.58,0.00,24.12,353,0.00
2026-04-13T10:42:56.371Z,24.77,87.64,0.00,24.12,353,0.00
2026-04-13T10:42:58.376Z,26.74,87.56,0.00,24.11,353,0.00
2026-04-13T10:43:00.381Z,29.33,87.52,0.00,24.11,353,0.00
2026-04-13T10:43:02.385Z,30.69,88.04,0.00,24.11,356,0.00
2026-04-13T10:43:04.388Z,29.40,88.29,0.00,24.11,356,0.00
2026-04-13T10:43:06.391Z,35.18,88.30,0.00,24.11,356,0.00
2026-04-13T10:43:08.392Z,32.98,89.19,0.00,24.11,355,0.00
2026-04-13T10:43:10.397Z,23.67,89.17,0.00,24.11,355,0.00
2026-04-13T10:43:12.401Z,19.07,89.06,0.00,24.11,355,0.00
2026-04-13T10:43:14.414Z,18.19,88.68,0.00,24.11,355,0.00
2026-04-13T10:43:16.423Z,18.94,88.61,0.00,24.11,355,0.00
2026-04-13T10:43:18.432Z,25.09,88.57,0.00,24.11,355,0.00
2026-04-13T10:43:20.437Z,21.81,87.63,0.00,24.11,355,0.00
2026-04-13T10:43:22.442Z,24.20,87.48,0.00,24.09,355,0.00
2026-04-13T10:43:24.447Z,20.66,87.65,0.00,24.09,355,0.00
2026-04-13T10:43:26.451Z,19.01,87.63,0.00,24.09,355,0.00
2026-04-13T10:43:28.456Z,24.35,87.71,0.00,24.09,356,0.00
2026-04-13T10:43:30.461Z,23.97,87.99,0.00,24.09,356,0.00
2026-04-13T10:43:32.467Z,32.63,88.48,0.00,24.09,357,0.00
2026-04-13T10:43:34.470Z,28.43,88.56,0.00,24.09,357,0.00
2026-04-13T10:43:36.475Z,29.38,88.54,0.00,24.09,357,0.00
2026-04-13T10:43:38.480Z,32.58,88.61,0.00,24.09,357,0.00
2026-04-13T10:43:40.482Z,23.68,88.41,0.00,24.09,358,0.00
2026-04-13T10:43:42.490Z,36.20,88.98,0.00,23.58,359,0.00
2026-04-13T10:43:44.494Z,27.66,88.99,0.00,23.58,359,0.00
2026-04-13T10:43:46.497Z,18.18,88.94,0.00,23.58,359,0.00
2026-04-13T10:43:48.496Z,24.40,88.83,0.00,23.58,358,0.00
2026-04-13T10:43:50.501Z,19.08,88.20,0.00,23.58,358,0.00
2026-04-13T10:43:52.506Z,17.18,88.18,0.00,23.58,358,0.00
2026-04-13T10:43:54.511Z,20.36,88.33,0.00,23.58,358,0.00
2026-04-13T10:43:56.516Z,16.83,88.21,0.00,23.58,358,0.00
2026-04-13T10:43:58.521Z,19.17,88.32,0.00,23.58,357,0.00
2026-04-13T10:44:00.525Z,19.21,88.24,0.00,23.58,357,0.00
2026-04-13T10:44:02.530Z,16.78,88.18,0.00,23.58,355,0.00
2026-04-13T10:44:04.535Z,24.76,87.95,0.00,23.55,354,0.00
2026-04-13T10:44:06.542Z,19.56,87.98,0.00,23.55,354,0.00
2026-04-13T10:44:08.544Z,15.98,87.97,0.00,23.55,354,0.00
2026-04-13T10:44:10.549Z,15.83,87.93,0.00,23.55,354,0.00
2026-04-13T10:44:12.554Z,16.93,87.84,0.00,23.55,354,0.00
2026-04-13T10:44:14.559Z,17.65,87.86,0.00,23.55,355,0.00
2026-04-13T10:44:16.564Z,24.02,88.00,0.00,23.55,355,0.00
2026-04-13T10:44:18.571Z,28.29,87.94,0.00,23.55,355,0.00
2026-04-13T10:44:20.574Z,29.49,87.89,0.00,23.55,355,0.00
2026-04-13T10:44:22.589Z,22.29,87.73,0.00,23.55,355,0.00
2026-04-13T10:44:24.602Z,20.95,87.69,0.00,23.55,356,0.00
2026-04-13T10:44:26.604Z,26.57,87.95,0.00,23.55,356,0.00
2026-04-13T10:44:28.614Z,22.63,88.01,0.00,23.55,356,0.00
2026-04-13T10:44:30.623Z,21.38,87.90,0.00,23.55,356,0.00
2026-04-13T10:44:32.634Z,34.74,88.37,0.00,23.55,357,0.00
2026-04-13T10:44:34.647Z,33.02,88.56,0.00,23.55,357,0.00
2026-04-13T10:44:36.657Z,30.93,88.61,0.00,23.55,357,0.00
2026-04-13T10:44:38.664Z,21.50,88.65,0.00,23.55,357,0.00
2026-04-13T10:44:40.665Z,29.01,89.04,0.00,23.55,357,0.00
2026-04-13T10:44:42.668Z,22.19,89.19,0.00,23.55,357,0.00
2026-04-13T10:44:44.678Z,18.04,89.29,0.00,23.55,356,0.00
2026-04-13T10:44:46.681Z,20.39,89.25,0.00,23.55,356,0.00
2026-04-13T10:44:48.692Z,26.54,89.72,0.00,23.55,356,0.00
2026-04-13T10:44:50.701Z,28.43,88.33,0.00,26.02,356,0.00
2026-04-13T10:44:52.708Z,20.68,88.31,0.00,26.02,356,0.00
2026-04-13T10:44:54.722Z,20.36,88.04,0.00,26.02,355,0.00
2026-04-13T10:44:56.727Z,22.23,87.73,0.00,26.02,355,0.00
2026-04-13T10:44:58.729Z,20.11,87.55,0.00,26.02,355,0.00
2026-04-13T10:45:00.738Z,19.44,87.50,0.00,26.02,355,0.00
2026-04-13T10:45:02.739Z,19.45,87.29,0.00,26.02,354,0.00
2026-04-13T10:45:04.739Z,21.27,87.06,0.00,26.02,354,0.00
2026-04-13T10:45:06.747Z,28.81,87.18,0.00,26.02,354,0.00
2026-04-13T10:45:08.762Z,30.61,87.19,0.00,26.39,354,0.00
2026-04-13T10:45:10.777Z,22.25,87.30,0.00,26.39,354,0.00
2026-04-13T10:45:12.788Z,24.07,87.21,0.00,26.39,352,0.00
2026-04-13T10:45:14.797Z,20.83,87.94,0.00,26.39,352,0.00
2026-04-13T10:45:16.804Z,16.75,87.98,0.00,26.39,352,0.00
2026-04-13T10:45:18.809Z,22.28,87.77,0.00,26.39,352,0.00
2026-04-13T10:45:20.809Z,16.96,87.25,0.00,26.39,352,0.00
2026-04-13T10:45:22.822Z,18.05,87.24,0.00,26.39,352,0.00
2026-04-13T10:45:24.826Z,20.87,87.11,0.00,26.39,352,0.00
2026-04-13T10:45:26.832Z,27.39,87.21,0.00,26.38,352,0.00
2026-04-13T10:45:28.841Z,26.57,87.26,0.00,26.38,352,0.00
2026-04-13T10:45:30.846Z,26.96,87.46,0.00,26.38,353,0.00
2026-04-13T10:45:32.854Z,39.98,88.99,0.00,23.66,353,0.00
2026-04-13T10:45:34.867Z,37.39,89.73,0.00,23.66,353,0.00
2026-04-13T10:45:36.873Z,32.66,89.72,0.00,23.66,354,0.00
2026-04-13T10:45:38.878Z,30.92,89.55,0.00,23.66,355,0.00
2026-04-13T10:45:40.884Z,44.21,90.11,0.00,23.65,355,0.00
2026-04-13T10:45:42.900Z,28.86,90.30,0.00,23.65,355,0.00
2026-04-13T10:45:44.905Z,31.91,90.09,0.00,23.63,355,0.00
2026-04-13T10:45:46.914Z,21.33,89.88,0.00,23.63,355,0.00
2026-04-13T10:45:48.928Z,21.48,89.77,0.00,23.63,355,0.00
2026-04-13T10:45:50.929Z,16.57,89.71,0.00,23.63,355,0.00
2026-04-13T10:45:52.943Z,23.37,89.34,0.00,23.63,355,0.00
2026-04-13T10:45:54.944Z,19.01,89.48,0.00,23.63,355,0.00
2026-04-13T10:45:56.944Z,17.74,89.33,0.00,23.63,355,0.00
2026-04-13T10:45:58.945Z,24.93,88.93,0.00,23.63,355,0.00
2026-04-13T10:46:00.955Z,19.94,88.91,0.00,23.63,355,0.00
2026-04-13T10:46:02.967Z,19.63,88.89,0.00,23.63,355,0.00
2026-04-13T10:46:04.977Z,18.41,88.88,0.00,23.63,355,0.00
2026-04-13T10:46:06.986Z,19.28,88.92,0.00,23.63,354,0.00
2026-04-13T10:46:08.986Z,23.06,88.62,0.00,23.63,354,0.00
2026-04-13T10:46:10.994Z,27.79,88.55,0.00,23.63,354,0.00
2026-04-13T10:46:13.004Z,30.03,88.57,0.00,23.63,354,0.00
2026-04-13T10:46:15.016Z,28.33,88.54,0.00,23.63,354,0.00
2026-04-13T10:46:17.020Z,26.29,88.38,0.00,23.63,354,0.00
2026-04-13T10:46:19.025Z,22.58,88.39,0.00,23.63,353,0.00
2026-04-13T10:46:21.030Z,26.08,88.32,0.00,23.63,353,0.00
2026-04-13T10:46:23.033Z,23.86,88.20,0.00,23.63,353,0.00
2026-04-13T10:46:25.043Z,19.90,88.17,0.00,23.63,353,0.00
2026-04-13T10:46:27.044Z,20.13,88.12,0.00,23.63,353,0.00
2026-04-13T10:46:29.047Z,30.16,88.43,0.00,23.63,353,0.00
2026-04-13T10:46:31.049Z,26.09,88.76,0.00,23.63,355,0.00
2026-04-13T10:46:33.056Z,43.12,88.65,0.00,23.63,355,0.00
2026-04-13T10:46:35.069Z,28.30,88.52,0.00,23.63,355,0.00
2026-04-13T10:46:37.074Z,27.03,88.41,0.00,23.63,353,0.00
2026-04-13T10:46:39.087Z,18.94,88.23,0.00,23.63,353,0.00
2026-04-13T10:46:41.100Z,20.11,87.98,0.00,23.63,353,0.00
2026-04-13T10:46:43.111Z,17.94,87.94,0.00,23.63,353,0.00
2026-04-13T10:46:45.125Z,17.43,87.94,0.00,23.63,353,0.00
2026-04-13T10:46:47.130Z,19.36,87.91,0.00,23.63,353,0.00
2026-04-13T10:46:49.141Z,17.19,87.99,0.00,23.63,353,0.00
2026-04-13T10:46:51.153Z,19.16,88.09,0.00,23.63,353,0.00
2026-04-13T10:46:53.166Z,19.61,88.07,0.00,23.63,353,0.00
2026-04-13T10:46:55.180Z,25.25,88.07,0.00,23.63,353,0.00
2026-04-13T10:46:57.188Z,17.65,87.99,0.00,23.63,353,0.00
2026-04-13T10:46:59.198Z,19.63,87.84,0.00,23.63,352,0.00
2026-04-13T10:47:01.204Z,16.97,87.74,0.00,23.63,352,0.00
2026-04-13T10:47:03.214Z,22.00,87.72,0.00,23.63,352,0.00
2026-04-13T10:47:05.215Z,18.07,87.77,0.00,23.63,352,0.00
2026-04-13T10:47:07.225Z,19.17,87.82,0.00,23.63,352,0.00
2026-04-13T10:47:09.238Z,18.03,87.87,0.00,23.63,352,0.00
2026-04-13T10:47:11.239Z,19.91,87.16,0.00,23.63,352,0.00
2026-04-13T10:47:13.245Z,22.68,87.07,0.00,23.63,352,0.00
2026-04-13T10:47:15.249Z,19.27,87.11,0.00,23.63,352,0.00
2026-04-13T10:47:17.257Z,17.65,87.11,0.00,23.63,352,0.00
2026-04-13T10:47:19.264Z,16.55,87.02,0.00,23.63,351,0.00
2026-04-13T10:47:21.276Z,17.65,86.89,0.00,23.63,351,0.00
2026-04-13T10:47:23.287Z,19.28,86.82,0.00,23.63,351,0.00
2026-04-13T10:47:25.302Z,16.96,86.80,0.00,23.63,351,0.00
2026-04-13T10:47:27.314Z,18.97,87.01,0.00,23.63,351,0.00
2026-04-13T10:47:29.315Z,23.02,86.68,0.00,23.63,351,0.00
2026-04-13T10:47:31.327Z,20.58,86.86,0.00,23.63,351,0.00
2026-04-13T10:47:33.337Z,21.68,86.89,0.00,23.63,351,0.00
2026-04-13T10:47:35.338Z,29.58,87.40,0.00,23.63,351,0.00
2026-04-13T10:47:37.350Z,21.87,87.39,0.00,23.63,350,0.00
2026-04-13T10:47:39.353Z,25.59,87.41,0.00,23.63,350,0.00
2026-04-13T10:47:41.362Z,23.66,87.43,0.00,23.63,350,0.00
2026-04-13T10:47:43.371Z,19.85,87.35,0.00,23.63,350,0.00
2026-04-13T10:47:45.386Z,26.29,87.43,0.00,23.63,350,0.00
2026-04-13T10:47:47.401Z,24.64,87.29,0.00,23.63,350,0.00
2026-04-13T10:47:49.408Z,18.39,87.26,0.00,23.63,350,0.00
2026-04-13T10:47:51.421Z,18.01,87.28,0.00,23.63,350,0.00
2026-04-13T10:47:53.432Z,19.22,87.29,0.00,23.63,350,0.00
2026-04-13T10:47:55.433Z,21.31,87.28,0.00,23.63,350,0.00
2026-04-13T10:47:57.446Z,19.20,87.20,0.00,23.63,350,0.00
2026-04-13T10:47:59.458Z,26.87,87.05,0.00,23.63,350,0.00
2026-04-13T10:48:01.462Z,21.34,87.12,0.00,23.63,351,0.00
2026-04-13T10:48:03.473Z,26.34,87.43,0.00,23.63,352,0.00
2026-04-13T10:48:05.475Z,32.70,87.57,0.00,23.63,352,0.00
2026-04-13T10:48:07.475Z,30.58,87.60,0.00,23.63,352,0.00
2026-04-13T10:48:09.476Z,31.59,87.38,0.00,23.63,352,0.00
2026-04-13T10:48:11.489Z,27.97,87.61,0.00,23.63,352,0.00
2026-04-13T10:48:13.491Z,44.89,87.71,0.00,23.63,352,0.00
2026-04-13T10:48:15.496Z,35.02,87.77,0.00,23.63,352,0.00
2026-04-13T10:48:17.501Z,34.93,87.73,0.00,23.63,352,0.00
2026-04-13T10:48:19.510Z,27.43,87.67,0.00,23.63,352,0.00
2026-04-13T10:48:21.519Z,22.82,87.56,0.00,23.63,354,0.00
2026-04-13T10:48:23.522Z,23.79,87.34,0.00,23.63,354,0.00
2026-04-13T10:48:25.536Z,26.69,87.17,0.00,23.63,354,0.00
2026-04-13T10:48:27.538Z,24.68,87.41,0.00,23.63,354,0.00
2026-04-13T10:48:29.549Z,25.99,87.33,0.00,23.63,354,0.00
2026-04-13T10:48:31.551Z,25.59,87.20,0.00,23.63,351,0.00
2026-04-13T10:48:33.564Z,25.01,87.08,0.00,23.63,351,0.00
2026-04-13T10:48:35.565Z,22.48,87.23,0.00,23.63,351,0.00
2026-04-13T10:48:37.566Z,27.44,87.37,0.00,23.63,351,0.00
2026-04-13T10:48:39.570Z,22.90,87.59,0.00,23.63,351,0.00
2026-04-13T10:48:41.575Z,25.74,87.55,0.00,23.63,351,0.00
2026-04-13T10:48:43.580Z,22.63,87.52,0.00,23.63,351,0.00
2026-04-13T10:48:45.593Z,21.48,87.44,0.00,23.63,350,0.00
2026-04-13T10:48:47.598Z,20.70,87.36,0.00,23.63,350,0.00
2026-04-13T10:48:49.603Z,22.30,87.22,0.00,23.63,350,0.00
2026-04-13T10:48:51.622Z,19.33,87.34,0.00,23.63,350,0.00
2026-04-13T10:48:53.630Z,17.33,87.33,0.00,23.63,350,0.00
2026-04-13T10:48:55.634Z,18.51,87.45,0.00,23.63,350,0.00
2026-04-13T10:48:57.639Z,19.88,87.21,0.00,23.63,349,0.00
2026-04-13T10:48:59.644Z,17.71,87.05,0.00,23.63,349,0.00
2026-04-13T10:49:01.649Z,18.08,87.06,0.00,23.63,349,0.00
2026-04-13T10:49:03.653Z,16.29,87.02,0.00,23.63,349,0.00
2026-04-13T10:49:05.658Z,17.07,87.02,0.00,23.63,349,0.00
2026-04-13T10:49:07.671Z,16.39,87.03,0.00,23.63,350,0.00
2026-04-13T10:49:09.676Z,30.89,87.18,0.00,23.63,350,0.00
2026-04-13T10:49:11.681Z,28.59,87.35,0.00,23.63,350,0.00
2026-04-13T12:21:42.592Z,11.09,89.49,0.00,23.81,368,0.00
2026-04-13T12:21:44.592Z,27.80,89.65,0.00,23.81,368,0.00
2026-04-13T12:21:46.593Z,20.03,89.70,0.00,23.81,368,0.00
2026-04-13T12:21:48.599Z,18.61,89.76,0.00,23.81,368,0.00
2026-04-13T12:21:50.598Z,19.88,89.74,0.00,23.81,367,0.00
2026-04-13T12:21:52.601Z,17.92,89.72,0.00,23.81,367,0.00
2026-04-13T12:21:54.608Z,16.78,89.71,0.00,23.81,367,0.00
2026-04-13T12:21:56.623Z,26.98,89.92,0.00,23.81,369,0.00
2026-04-13T12:21:58.630Z,26.05,89.88,0.00,23.81,369,0.00
2026-04-13T12:22:00.631Z,16.55,89.94,0.00,23.81,369,0.00
2026-04-13T12:22:02.642Z,17.60,89.97,0.00,23.81,369,0.00
2026-04-13T12:22:04.647Z,13.80,90.01,0.00,23.81,369,0.00
2026-04-13T12:22:06.660Z,13.21,89.83,0.00,23.81,368,0.00
2026-04-13T12:22:08.671Z,16.19,89.91,0.00,23.81,368,0.00
2026-04-13T12:22:10.677Z,14.91,89.87,0.00,23.81,367,0.00
2026-04-13T12:22:12.676Z,20.19,89.83,0.00,23.81,367,0.00
2026-04-13T12:22:14.676Z,18.15,89.89,0.00,23.81,367,0.00
2026-04-13T12:22:16.678Z,20.86,89.90,0.00,23.81,367,0.00
2026-04-13T12:22:18.686Z,20.20,89.42,0.00,23.81,366,0.00
2026-04-13T12:22:20.690Z,35.13,89.98,0.00,23.78,366,0.00
2026-04-13T12:22:22.689Z,25.96,89.83,0.00,23.78,366,0.00
2026-04-13T12:22:24.700Z,26.46,90.01,0.00,23.78,366,0.00
2026-04-13T12:22:26.713Z,22.02,90.03,0.00,23.78,368,0.00
2026-04-13T12:22:28.726Z,33.67,89.22,0.00,23.89,368,0.00
2026-04-13T12:22:30.730Z,29.73,89.10,0.00,23.89,368,0.00
2026-04-13T12:22:32.739Z,18.67,89.10,0.00,23.89,368,0.00
2026-04-13T12:22:34.743Z,20.06,88.95,0.00,23.89,368,0.00
2026-04-13T12:22:36.754Z,21.63,88.84,0.00,23.89,368,0.00
2026-04-13T12:22:38.756Z,14.62,88.94,0.00,23.89,368,0.00
2026-04-13T12:22:40.768Z,21.74,89.43,0.00,23.89,373,0.00
2026-04-13T12:22:42.774Z,32.87,90.23,0.00,23.89,374,0.00
2026-04-13T12:22:44.780Z,32.33,91.91,0.00,21.48,376,0.00
2026-04-13T12:22:46.784Z,32.67,91.96,0.00,21.48,376,0.00
2026-04-13T12:22:48.791Z,23.74,91.99,0.00,21.48,376,0.00
2026-04-13T12:22:50.798Z,20.22,91.36,0.00,21.48,376,0.00
2026-04-13T12:22:52.806Z,24.39,91.33,0.00,21.48,376,0.00
2026-04-13T12:22:54.811Z,31.97,91.29,0.00,21.46,376,0.00
2026-04-13T12:22:56.821Z,24.82,91.41,0.00,21.46,376,0.00
2026-04-13T12:22:58.833Z,20.10,91.44,0.00,21.46,376,0.00
2026-04-13T12:23:00.833Z,15.93,91.42,0.00,21.46,376,0.00
2026-04-13T12:23:02.841Z,22.86,91.15,0.00,21.46,376,0.00
2026-04-13T12:23:04.849Z,15.58,91.13,0.00,21.46,376,0.00
2026-04-13T12:23:06.858Z,23.91,91.45,0.00,21.46,376,0.00
2026-04-13T12:23:08.869Z,24.32,92.47,0.00,21.45,376,0.00
2026-04-13T12:23:10.882Z,21.54,93.31,0.00,21.41,376,0.00
2026-04-13T12:23:12.883Z,36.60,92.76,0.00,21.33,376,0.00
2026-04-13T12:23:14.892Z,25.72,92.79,0.00,21.33,376,0.00
2026-04-13T12:23:16.900Z,22.16,92.85,0.00,21.33,376,0.00
2026-04-13T12:23:18.906Z,16.44,92.82,0.00,21.33,376,0.00
2026-04-13T12:23:20.915Z,18.97,92.87,0.00,21.33,376,0.00
2026-04-13T12:23:22.923Z,14.81,92.90,0.00,21.33,376,0.00
2026-04-13T12:23:24.936Z,17.07,92.66,0.00,21.33,376,0.00
2026-04-13T12:23:26.938Z,15.76,92.62,0.00,21.33,375,0.00
2026-04-13T12:23:28.944Z,26.82,93.51,0.00,20.87,375,0.00
2026-04-13T12:23:30.953Z,18.30,93.52,0.00,20.87,375,0.00
2026-04-13T12:23:32.954Z,16.19,93.50,0.00,20.87,375,0.00
2026-04-13T12:23:34.958Z,15.18,93.48,0.00,20.87,375,0.00
2026-04-13T12:23:36.970Z,19.04,93.50,0.00,20.87,375,0.00
2026-04-13T12:23:38.985Z,17.09,93.49,0.00,20.85,375,0.00
2026-04-13T12:23:40.999Z,18.67,93.46,0.00,20.85,375,0.00
2026-04-13T12:23:43.007Z,18.39,93.46,0.00,20.85,374,0.00
2026-04-13T12:23:45.012Z,20.78,93.49,0.00,20.85,374,0.00
2026-04-13T12:23:47.024Z,16.80,93.51,0.00,20.85,374,0.00
2026-04-13T12:23:49.026Z,21.17,93.57,0.00,20.84,374,0.00
2026-04-13T12:23:51.034Z,16.89,93.62,0.00,20.84,374,0.00
2026-04-13T12:23:53.048Z,18.83,93.50,0.00,20.84,374,0.00
2026-04-13T12:23:55.048Z,14.46,93.44,0.00,20.84,374,0.00
2026-04-13T12:23:57.060Z,17.35,93.39,0.00,20.84,374,0.00
2026-04-13T12:23:59.074Z,21.24,93.68,0.00,20.83,374,0.00
2026-04-13T12:24:01.088Z,24.86,93.72,0.00,20.83,374,0.00
2026-04-13T12:24:03.103Z,27.06,93.35,0.00,20.83,373,0.00
2026-04-13T12:24:05.117Z,23.58,93.41,0.00,20.83,373,0.00
2026-04-13T12:24:07.128Z,15.56,93.47,0.00,20.83,373,0.00
2026-04-13T12:24:09.132Z,17.07,93.46,0.00,20.83,373,0.00
2026-04-13T12:24:11.146Z,17.06,93.53,0.00,20.83,373,0.00
2026-04-13T12:24:13.152Z,18.30,93.54,0.00,20.83,373,0.00
2026-04-13T12:24:15.164Z,25.22,93.60,0.00,20.83,373,0.00
2026-04-13T12:24:17.173Z,29.71,93.64,0.00,20.83,373,0.00
2026-04-13T12:24:19.174Z,37.15,93.55,0.00,20.83,373,0.00
2026-04-13T12:24:21.177Z,35.25,93.96,0.00,20.83,374,0.00
2026-04-13T12:24:23.191Z,33.18,94.48,0.00,19.54,374,0.00
2026-04-13T12:24:25.203Z,27.27,94.43,0.00,19.54,374,0.00
2026-04-13T12:24:27.213Z,22.17,94.56,0.00,19.57,374,0.00
2026-04-13T12:24:29.213Z,30.75,91.90,0.00,19.57,374,0.00
2026-04-13T12:24:31.215Z,31.60,92.00,0.00,19.57,374,0.00
2026-04-13T12:24:33.225Z,24.91,92.15,0.00,19.57,374,0.00
2026-04-13T12:24:35.233Z,27.23,92.25,0.00,19.57,374,0.00
2026-04-13T12:24:37.239Z,26.21,92.46,0.00,19.57,374,0.00
2026-04-13T12:24:39.242Z,31.25,92.61,0.00,19.57,374,0.00
2026-04-13T12:24:41.245Z,30.52,92.76,0.00,19.57,374,0.00
2026-04-13T12:24:43.249Z,28.97,92.65,0.00,19.57,374,0.00
2026-04-13T12:24:45.259Z,26.10,92.81,0.00,19.57,374,0.00
2026-04-13T12:24:47.271Z,22.35,92.81,0.00,19.57,374,0.00
2026-04-13T12:24:49.283Z,29.19,92.89,0.00,19.57,374,0.00
2026-04-13T12:24:51.295Z,31.98,92.99,0.00,19.57,374,0.00
2026-04-13T12:24:53.305Z,33.66,93.02,0.00,19.57,374,0.00
2026-04-13T12:24:55.308Z,21.64,93.00,0.00,19.57,374,0.00
2026-04-13T12:24:57.310Z,21.42,92.95,0.00,19.57,374,0.00
2026-04-13T12:24:59.311Z,16.99,92.95,0.00,19.57,374,0.00
2026-04-13T12:25:01.323Z,16.47,92.90,0.00,19.57,374,0.00
2026-04-13T12:25:03.324Z,23.42,92.85,0.00,19.57,374,0.00
2026-04-13T12:25:05.335Z,16.91,92.87,0.00,19.57,374,0.00
2026-04-13T12:25:07.336Z,15.91,92.88,0.00,19.57,374,0.00
2026-04-13T12:25:09.349Z,21.80,92.22,0.00,19.57,374,0.00
2026-04-13T12:25:11.351Z,15.88,92.31,0.00,19.57,374,0.00
2026-04-13T12:25:13.362Z,16.41,92.29,0.00,19.57,374,0.00
2026-04-13T12:25:15.374Z,16.74,92.34,0.00,19.57,373,0.00
2026-04-13T12:25:17.377Z,18.14,92.09,0.00,19.57,373,0.00
2026-04-13T12:25:19.380Z,15.23,91.93,0.00,19.57,373,0.00
2026-04-13T12:25:21.392Z,17.98,91.96,0.00,19.57,373,0.00
2026-04-13T12:25:23.399Z,18.23,91.91,0.00,19.57,373,0.00
2026-04-13T12:25:25.400Z,17.86,91.97,0.00,19.57,373,0.00
2026-04-13T12:25:27.399Z,17.10,92.06,0.00,19.57,373,0.00
2026-04-13T12:25:29.403Z,13.09,92.06,0.00,19.57,372,0.00
2026-04-13T12:25:31.404Z,14.61,92.09,0.00,19.57,372,0.00
2026-04-13T12:25:33.403Z,13.80,91.96,0.00,19.57,372,0.00
2026-04-13T12:25:35.415Z,14.53,91.82,0.00,19.57,372,0.00
2026-04-13T12:25:37.430Z,15.32,91.76,0.00,19.57,372,0.00
2026-04-13T12:25:39.441Z,15.86,91.70,0.00,19.57,372,0.00
2026-04-13T12:25:41.442Z,13.36,91.75,0.00,19.57,372,0.00
2026-04-13T12:25:43.451Z,14.54,91.76,0.00,19.57,372,0.00
2026-04-13T12:25:45.460Z,15.32,91.76,0.00,19.57,372,0.00
2026-04-13T12:25:47.475Z,14.61,91.74,0.00,19.57,372,0.00
2026-04-13T12:25:49.479Z,19.48,91.63,0.00,19.57,372,0.00
2026-04-13T12:25:51.482Z,15.61,91.78,0.00,19.57,372,0.00
2026-04-13T12:25:53.496Z,15.30,91.85,0.00,19.57,372,0.00
2026-04-13T12:25:55.497Z,16.03,91.93,0.00,19.57,372,0.00
2026-04-13T12:25:57.500Z,16.34,92.01,0.00,19.57,372,0.00
2026-04-13T12:25:59.509Z,15.13,92.17,0.00,19.57,372,0.00
2026-04-13T12:26:01.517Z,18.64,92.25,0.00,19.57,372,0.00
2026-04-13T12:26:03.526Z,17.59,92.21,0.00,19.57,372,0.00
2026-04-13T12:26:05.528Z,15.01,92.17,0.00,19.57,372,0.00
2026-04-13T12:26:07.533Z,15.46,92.35,0.00,19.57,372,0.00
2026-04-13T12:26:09.548Z,15.78,92.46,0.00,19.57,372,0.00
2026-04-13T12:26:11.556Z,18.04,92.38,0.00,19.57,372,0.00
2026-04-13T12:26:13.560Z,18.28,92.16,0.00,19.57,372,0.00
2026-04-13T12:26:15.574Z,19.55,92.22,0.00,19.57,372,0.00
2026-04-13T12:26:17.588Z,19.25,91.99,0.00,19.57,372,0.00
2026-04-13T12:26:19.601Z,12.94,91.96,0.00,19.57,372,0.00
2026-04-13T12:26:21.605Z,15.70,91.84,0.00,19.57,372,0.00
2026-04-13T12:26:23.610Z,15.87,91.94,0.00,19.57,372,0.00
2026-04-13T12:26:25.624Z,12.99,91.98,0.00,19.57,372,0.00
2026-04-13T12:26:27.638Z,14.06,91.98,0.00,19.57,373,0.00
2026-04-13T12:26:29.648Z,18.12,92.33,0.00,19.57,373,0.00
2026-04-13T12:26:31.654Z,15.70,92.31,0.00,19.57,373,0.00
2026-04-13T12:26:33.658Z,16.30,92.22,0.00,19.57,373,0.00
2026-04-13T12:26:35.662Z,24.45,92.46,0.00,19.57,373,0.00
2026-04-13T12:26:37.664Z,27.30,92.67,0.00,19.57,374,0.00
2026-04-13T12:26:39.678Z,31.41,92.78,0.00,19.57,376,0.00
2026-04-13T12:26:41.686Z,30.45,93.11,0.00,19.57,377,0.00
2026-04-13T12:26:43.694Z,16.55,93.02,0.00,19.57,377,0.00
2026-04-13T12:26:45.703Z,17.71,93.08,0.00,19.57,377,0.00
2026-04-13T12:26:47.709Z,15.86,93.08,0.00,19.57,377,0.00
2026-04-13T12:26:49.708Z,21.30,92.98,0.00,19.57,377,0.00
2026-04-13T12:26:51.720Z,16.87,93.02,0.00,19.57,377,0.00
2026-04-13T12:26:53.735Z,15.93,92.98,0.00,19.57,377,0.00
2026-04-13T12:26:55.749Z,13.32,93.00,0.00,19.57,377,0.00
2026-04-13T12:26:57.751Z,16.71,93.06,0.00,19.57,376,0.00
2026-04-13T12:26:59.752Z,23.72,92.89,0.00,19.57,376,0.00
2026-04-13T12:27:01.754Z,27.44,93.02,0.00,19.57,376,0.00
2026-04-13T12:27:03.760Z,29.61,93.07,0.00,19.57,376,0.00
2026-04-13T12:27:05.769Z,25.19,93.20,0.00,19.57,378,0.00
2026-04-13T12:27:07.779Z,26.43,93.41,0.00,19.57,377,0.00
2026-04-13T12:27:09.790Z,20.64,93.11,0.00,19.57,377,0.00
2026-04-13T12:27:11.792Z,18.13,93.18,0.00,19.57,377,0.00
2026-04-13T12:27:13.805Z,17.99,93.17,0.00,19.57,377,0.00
2026-04-13T12:27:15.817Z,13.81,93.24,0.00,19.57,377,0.00
2026-04-13T12:27:17.831Z,21.96,93.19,0.00,19.57,377,0.00
2026-04-13T12:27:19.843Z,12.20,93.19,0.00,19.57,377,0.00
2026-04-13T12:27:21.854Z,14.56,93.13,0.00,19.57,377,0.00
2026-04-13T12:27:23.863Z,16.37,93.13,0.00,19.57,377,0.00
2026-04-13T12:27:25.866Z,17.71,93.01,0.00,19.57,378,0.00
2026-04-13T12:27:27.875Z,28.57,93.04,0.00,19.57,383,0.00
2026-04-13T12:27:29.892Z,23.76,92.64,0.00,19.57,383,0.00
2026-04-13T12:27:31.897Z,30.56,89.97,0.00,19.65,381,0.00
2026-04-13T12:27:33.904Z,18.95,87.21,0.00,23.75,381,0.00
2026-04-13T12:27:35.907Z,22.84,87.31,0.00,23.75,381,0.00
2026-04-13T12:27:37.914Z,17.79,87.24,0.00,23.75,381,0.00
2026-04-13T12:27:39.924Z,18.49,87.28,0.00,23.75,381,0.00
2026-04-13T12:27:41.926Z,19.61,87.05,0.00,23.74,375,0.00
2026-04-13T12:27:43.945Z,18.87,87.05,0.00,23.74,375,0.00
2026-04-13T12:27:45.947Z,20.22,86.96,0.00,23.74,375,0.00
2026-04-13T12:27:47.950Z,17.51,86.93,0.00,23.74,375,0.00
2026-04-13T12:27:49.951Z,14.07,86.98,0.00,23.74,375,0.00
2026-04-13T12:27:51.961Z,14.62,86.99,0.00,23.74,374,0.00
2026-04-13T12:27:53.960Z,15.01,86.95,0.00,23.74,374,0.00
2026-04-13T12:27:55.968Z,19.29,87.04,0.00,23.74,374,0.00
2026-04-13T12:27:57.978Z,31.33,87.13,0.00,23.74,374,0.00
2026-04-13T12:27:59.988Z,20.06,87.12,0.00,23.74,374,0.00
2026-04-13T12:28:02.005Z,22.29,87.09,0.00,23.74,374,0.00
2026-04-13T12:28:04.005Z,19.12,87.12,0.00,23.74,374,0.00
2026-04-13T12:28:06.006Z,23.42,87.38,0.00,23.74,374,0.00
2026-04-13T12:28:08.009Z,20.32,87.44,0.00,23.74,374,0.00
2026-04-13T12:28:10.019Z,14.20,87.33,0.00,23.74,374,0.00
2026-04-13T12:28:12.036Z,15.92,87.40,0.00,23.74,375,0.00
2026-04-13T12:28:14.043Z,16.40,87.34,0.00,23.74,374,0.00
2026-04-13T12:28:16.052Z,15.74,87.22,0.00,23.74,374,0.00
2026-04-13T12:28:18.064Z,18.41,87.29,0.00,23.74,374,0.00
2026-04-13T12:28:20.068Z,18.93,87.32,0.00,23.74,374,0.00
2026-04-13T12:28:22.070Z,18.40,87.21,0.00,23.74,374,0.00
2026-04-13T12:28:24.084Z,19.17,87.17,0.00,23.74,374,0.00
2026-04-13T12:28:26.096Z,15.55,87.08,0.00,23.74,374,0.00
2026-04-13T12:28:28.102Z,16.18,87.27,0.00,23.73,374,0.00
2026-04-13T12:28:30.116Z,18.43,87.26,0.00,23.73,374,0.00
2026-04-13T12:28:32.116Z,23.39,87.28,0.00,23.73,374,0.00
2026-04-13T12:28:34.118Z,23.87,87.26,0.00,23.73,374,0.00
2026-04-13T12:28:36.124Z,23.76,87.38,0.00,23.73,374,0.00
2026-04-13T12:28:38.128Z,20.96,87.36,0.00,23.73,374,0.00
2026-04-13T12:28:40.143Z,18.47,87.32,0.00,23.73,374,0.00
2026-04-13T12:28:42.144Z,18.11,87.37,0.00,23.73,375,0.00
2026-04-13T12:28:44.151Z,20.23,87.40,0.00,23.73,375,0.00
2026-04-13T12:28:46.159Z,25.94,87.50,0.00,23.73,375,0.00
2026-04-13T12:28:48.163Z,22.23,87.83,0.00,23.73,377,0.00
2026-04-13T12:28:50.173Z,35.89,89.61,0.00,23.73,377,0.00
2026-04-13T12:28:52.180Z,22.01,89.44,0.00,23.73,377,0.00
2026-04-13T12:28:54.188Z,20.85,89.22,0.00,23.73,377,0.00
2026-04-13T12:28:56.202Z,22.63,89.21,0.00,23.73,377,0.00
2026-04-13T12:28:58.209Z,21.65,89.28,0.00,23.73,377,0.00
2026-04-13T12:29:00.216Z,16.90,89.17,0.00,23.73,377,0.00
2026-04-13T12:29:02.230Z,17.72,88.74,0.00,23.73,377,0.00
2026-04-13T12:29:04.234Z,13.07,88.90,0.00,23.73,377,0.00
2026-04-13T12:29:06.241Z,17.12,88.86,0.00,23.73,377,0.00
2026-04-13T12:29:08.242Z,17.70,89.01,0.00,23.73,377,0.00
2026-04-13T12:29:10.245Z,29.62,89.12,0.00,23.73,377,0.00
2026-04-13T12:29:12.252Z,20.18,89.01,0.00,23.73,377,0.00
2026-04-13T12:29:14.256Z,27.70,89.06,0.00,23.92,377,0.00
2026-04-13T12:29:16.261Z,27.64,89.04,0.00,23.92,377,0.00
2026-04-13T12:29:18.264Z,19.24,89.10,0.00,23.92,377,0.00
2026-04-13T12:29:20.275Z,18.46,89.05,0.00,23.92,377,0.00
2026-04-13T12:29:22.283Z,16.35,89.09,0.00,23.92,377,0.00
2026-04-13T12:29:24.290Z,15.45,88.90,0.00,23.92,376,0.00
2026-04-13T12:29:26.295Z,19.03,88.94,0.00,23.92,376,0.00
2026-04-13T12:29:28.310Z,17.29,88.96,0.00,23.92,376,0.00
2026-04-13T12:29:30.324Z,15.56,89.02,0.00,23.92,376,0.00
2026-04-13T12:29:32.327Z,13.81,88.96,0.00,23.92,376,0.00
2026-04-13T12:29:34.331Z,13.93,88.64,0.00,23.92,376,0.00
2026-04-13T12:29:36.336Z,14.69,88.45,0.00,23.92,376,0.00
2026-04-13T12:29:38.348Z,16.16,88.50,0.00,23.92,376,0.00
2026-04-13T12:29:40.354Z,14.27,88.48,0.00,23.92,376,0.00
2026-04-13T12:29:42.358Z,13.35,88.57,0.00,23.92,376,0.00
2026-04-13T12:29:44.371Z,18.03,88.53,0.00,23.92,376,0.00
2026-04-13T12:29:46.380Z,14.92,88.59,0.00,23.92,376,0.00
2026-04-13T12:29:48.390Z,12.76,88.67,0.00,23.92,376,0.00
2026-04-13T12:29:50.401Z,12.84,88.73,0.00,23.92,376,0.00
2026-04-13T12:29:52.402Z,15.47,88.68,0.00,23.91,376,0.00
2026-04-13T12:29:54.414Z,13.60,88.68,0.00,23.91,376,0.00
2026-04-13T12:29:56.427Z,13.20,88.69,0.00,23.91,376,0.00
2026-04-13T12:29:58.438Z,16.07,88.53,0.00,23.91,376,0.00
2026-04-13T12:30:00.440Z,17.54,88.51,0.00,23.91,376,0.00
2026-04-13T12:30:02.450Z,14.44,88.58,0.00,23.91,376,0.00
2026-04-13T12:30:04.450Z,21.64,88.54,0.00,23.91,376,0.00
2026-04-13T12:30:06.456Z,20.10,88.59,0.00,23.91,376,0.00
2026-04-13T12:30:08.457Z,23.19,88.62,0.00,23.91,376,0.00
2026-04-13T12:46:37.340Z,11.42,87.42,0.00,22.20,362,0.00
2026-04-13T12:46:39.344Z,37.28,87.08,0.00,22.20,362,0.00
2026-04-13T12:46:41.347Z,24.78,87.06,0.00,22.20,361,0.00
2026-04-13T12:46:43.361Z,33.70,88.49,0.00,22.15,361,0.00
2026-04-13T12:46:45.367Z,33.41,88.95,0.00,20.45,363,0.00
2026-04-13T12:46:47.371Z,24.62,87.55,0.00,22.12,363,0.00
2026-04-13T12:46:49.384Z,22.18,87.61,0.00,22.12,363,0.00
2026-04-13T12:46:51.397Z,23.03,87.66,0.00,22.12,365,0.00
2026-04-13T12:46:53.403Z,26.60,87.88,0.00,22.12,365,0.00
2026-04-13T12:46:55.412Z,26.04,88.16,0.00,22.12,367,0.00
2026-04-13T12:46:57.413Z,29.84,88.43,0.00,22.12,365,0.00
2026-04-13T12:46:59.419Z,27.33,88.03,0.00,22.12,365,0.00
2026-04-13T12:47:01.421Z,21.70,88.11,0.00,22.12,365,0.00
2026-04-13T12:47:03.434Z,18.87,88.06,0.00,22.12,365,0.00
2026-04-13T12:47:05.440Z,19.47,87.99,0.00,22.12,365,0.00
2026-04-13T12:47:07.449Z,19.75,88.03,0.00,22.12,365,0.00
2026-04-13T12:47:09.449Z,18.52,88.00,0.00,22.12,365,0.00
2026-04-13T12:47:11.460Z,20.68,87.99,0.00,22.12,365,0.00
2026-04-13T12:47:13.461Z,16.32,87.86,0.00,22.12,365,0.00
2026-04-13T12:47:15.464Z,21.43,87.92,0.00,22.12,365,0.00
2026-04-13T12:47:17.468Z,27.63,88.15,0.00,22.12,367,0.00
2026-04-13T12:47:19.473Z,20.70,87.37,0.00,22.41,367,0.00
2026-04-13T12:47:21.474Z,17.25,87.49,0.00,22.41,367,0.00
2026-04-13T12:47:23.479Z,15.39,87.27,0.00,22.41,366,0.00
2026-04-13T12:47:25.493Z,17.04,86.97,0.00,22.41,366,0.00
2026-04-13T12:47:27.499Z,16.52,87.11,0.00,22.41,367,0.00
2026-04-13T12:47:29.503Z,16.73,87.34,0.00,22.41,367,0.00
2026-04-13T12:47:31.513Z,18.10,87.38,0.00,22.41,367,0.00
2026-04-13T12:47:33.522Z,16.35,87.02,0.00,22.41,367,0.00
2026-04-13T12:47:35.524Z,22.46,85.24,0.00,22.41,367,0.00
2026-04-13T12:47:37.533Z,14.88,85.33,0.00,22.41,367,0.00
2026-04-13T12:47:39.537Z,15.70,85.39,0.00,22.41,367,0.00
2026-04-13T12:47:41.537Z,16.21,85.46,0.00,22.41,367,0.00
2026-04-13T12:47:43.544Z,19.90,85.45,0.00,22.41,367,0.00
2026-04-13T12:47:45.549Z,16.61,85.47,0.00,22.41,367,0.00
2026-04-13T12:47:47.556Z,18.59,85.49,0.00,22.41,367,0.00
2026-04-13T12:47:49.565Z,14.23,85.56,0.00,22.39,368,0.00
2026-04-13T12:47:51.581Z,23.60,85.68,0.00,22.39,367,0.00
2026-04-13T12:47:53.589Z,21.06,85.70,0.00,22.39,367,0.00
2026-04-13T12:47:55.593Z,15.98,85.70,0.00,22.39,367,0.00
2026-04-13T12:47:57.597Z,21.39,85.70,0.00,22.39,367,0.00
2026-04-13T12:47:59.603Z,20.46,85.73,0.00,22.39,367,0.00
2026-04-13T12:48:01.609Z,18.14,85.77,0.00,22.39,367,0.00
2026-04-13T12:48:03.612Z,15.17,85.80,0.00,22.39,368,0.00
2026-04-13T12:48:05.624Z,21.61,86.00,0.00,22.39,367,0.00
2026-04-13T12:48:07.625Z,22.94,85.98,0.00,22.39,367,0.00
2026-04-13T12:48:09.635Z,16.16,85.97,0.00,22.39,367,0.00
2026-04-13T12:48:11.650Z,15.65,85.86,0.00,22.39,367,0.00
2026-04-13T12:48:13.663Z,15.05,85.81,0.00,22.39,367,0.00
2026-04-13T12:48:15.672Z,15.98,85.29,0.00,22.39,367,0.00
2026-04-13T12:48:17.679Z,15.01,85.31,0.00,22.39,367,0.00
2026-04-13T12:48:19.688Z,16.61,84.69,0.00,22.39,367,0.00
2026-04-13T12:48:21.698Z,15.87,84.37,0.00,22.37,366,0.00
2026-04-13T12:48:23.705Z,22.36,84.24,0.00,22.37,366,0.00
2026-04-13T12:48:25.716Z,15.34,84.35,0.00,22.37,366,0.00
2026-04-13T12:48:27.726Z,14.95,84.47,0.00,22.37,367,0.00
2026-04-13T12:48:29.745Z,11.17,84.43,0.00,22.37,367,0.00
2026-04-13T12:48:31.754Z,16.36,84.43,0.00,22.37,367,0.00
2026-04-13T12:48:33.765Z,14.23,84.40,0.00,22.37,367,0.00
2026-04-13T12:48:35.775Z,12.98,84.12,0.00,22.37,367,0.00
2026-04-13T12:48:37.779Z,20.90,84.21,0.00,22.37,367,0.00
2026-04-13T12:48:39.788Z,24.65,84.36,0.00,22.37,368,0.00
2026-04-13T12:48:41.797Z,26.31,84.57,0.00,22.37,367,0.00
2026-04-13T12:48:43.799Z,28.39,84.26,0.00,22.37,368,0.00
2026-04-13T12:48:45.801Z,23.44,84.38,0.00,22.37,368,0.00
2026-04-13T12:48:47.804Z,30.05,85.57,0.00,22.06,368,0.00
2026-04-13T12:48:49.809Z,21.81,85.68,0.00,22.06,368,0.00
2026-04-13T12:48:51.822Z,18.59,85.78,0.00,22.05,368,0.00
2026-04-13T12:48:53.825Z,30.95,85.60,0.00,22.05,368,0.00
2026-04-13T12:48:55.829Z,22.74,85.82,0.00,22.05,368,0.00
2026-04-13T12:48:57.838Z,21.63,85.81,0.00,22.05,368,0.00
2026-04-13T12:48:59.852Z,22.87,85.99,0.00,22.05,368,0.00
2026-04-13T12:49:01.863Z,25.14,86.03,0.00,22.05,368,0.00
2026-04-13T12:49:03.869Z,29.24,86.08,0.00,22.05,368,0.00
2026-04-13T12:49:05.875Z,23.07,86.10,0.00,22.05,368,0.00
2026-04-13T12:49:07.883Z,23.77,86.00,0.00,22.05,368,0.00
2026-04-13T12:49:09.886Z,21.54,85.81,0.00,22.05,368,0.00
2026-04-13T12:49:11.893Z,17.75,85.84,0.00,22.05,368,0.00
2026-04-13T12:49:13.906Z,16.73,85.32,0.00,22.05,368,0.00
2026-04-13T12:49:15.911Z,12.98,85.30,0.00,22.05,368,0.00
2026-04-13T12:49:17.926Z,16.69,85.28,0.00,22.05,368,0.00
2026-04-13T12:49:19.931Z,20.69,85.40,0.00,22.05,368,0.00
2026-04-13T12:49:21.941Z,14.46,85.38,0.00,22.05,368,0.00
2026-04-13T12:49:23.940Z,17.12,85.43,0.00,22.05,368,0.00
2026-04-13T12:49:25.947Z,19.86,85.42,0.00,22.05,368,0.00
2026-04-13T12:49:27.950Z,23.49,85.58,0.00,22.05,368,0.00
2026-04-13T12:49:29.964Z,20.58,85.63,0.00,22.05,368,0.00
2026-04-13T12:49:31.968Z,19.78,85.72,0.00,22.05,368,0.00
2026-04-13T12:49:33.981Z,24.51,85.72,0.00,22.05,368,0.00
2026-04-13T12:49:35.987Z,29.04,85.67,0.00,22.05,368,0.00
2026-04-13T12:49:37.989Z,22.90,85.67,0.00,22.05,368,0.00
2026-04-13T12:49:39.993Z,24.37,85.56,0.00,22.05,368,0.00
2026-04-13T12:49:42.005Z,16.39,85.60,0.00,22.05,368,0.00
2026-04-13T12:49:44.011Z,18.56,85.62,0.00,22.05,368,0.00
2026-04-13T12:49:46.020Z,13.25,85.31,0.00,22.05,368,0.00
2026-04-13T12:49:48.021Z,15.00,85.30,0.00,22.05,368,0.00
2026-04-13T12:49:50.031Z,16.92,85.32,0.00,22.05,368,0.00
2026-04-13T12:49:52.052Z,17.88,85.38,0.00,22.05,368,0.00
2026-04-13T12:49:54.059Z,16.98,85.32,0.00,22.05,368,0.00
2026-04-13T12:49:56.066Z,15.45,85.35,0.00,22.05,368,0.00
2026-04-13T12:49:58.076Z,16.63,85.40,0.00,22.05,368,0.00
2026-04-13T12:50:00.076Z,15.18,85.48,0.00,22.05,368,0.00
2026-04-13T12:50:02.078Z,15.19,85.41,0.00,22.05,368,0.00
2026-04-13T12:50:04.078Z,20.27,85.49,0.00,22.05,368,0.00
2026-04-13T12:50:06.082Z,20.05,85.23,0.00,22.05,367,0.00
2026-04-13T12:50:08.087Z,20.60,85.27,0.00,22.05,367,0.00
2026-04-13T12:50:10.087Z,24.86,85.29,0.00,22.05,367,0.00
2026-04-13T12:50:12.100Z,16.61,85.35,0.00,22.05,367,0.00
2026-04-13T12:50:14.102Z,17.58,85.32,0.00,22.05,367,0.00
2026-04-13T12:50:16.116Z,21.59,85.44,0.00,22.05,367,0.00
2026-04-13T12:50:18.126Z,17.94,85.39,0.00,22.05,367,0.00
2026-04-13T12:50:20.138Z,15.57,85.41,0.00,22.05,367,0.00
2026-04-13T12:50:22.140Z,16.64,85.43,0.00,22.05,367,0.00
2026-04-13T12:50:24.140Z,15.23,85.47,0.00,22.05,367,0.00
2026-04-13T12:50:26.151Z,15.90,85.36,0.00,22.05,367,0.00
2026-04-13T12:50:28.156Z,17.45,85.42,0.00,22.05,367,0.00
2026-04-13T12:50:30.170Z,16.30,84.94,0.00,21.99,367,0.00
2026-04-13T12:50:32.176Z,20.12,85.10,0.00,21.99,367,0.00
2026-04-13T12:50:34.176Z,24.55,85.64,0.00,21.99,368,0.00
2026-04-13T12:50:36.184Z,22.99,85.56,0.00,21.99,368,0.00
2026-04-13T12:50:38.193Z,25.68,85.42,0.00,21.99,364,0.00
2026-04-13T12:50:58.067Z,11.50,83.55,0.00,21.99,361,0.00
2026-04-13T12:51:00.071Z,15.69,83.63,0.00,21.99,361,0.00
2026-04-13T12:51:02.077Z,22.53,83.55,0.00,21.99,361,0.00
2026-04-13T12:51:04.083Z,36.84,83.82,0.00,21.99,361,0.00
2026-04-13T12:51:06.092Z,27.13,83.96,0.00,21.99,361,0.00
2026-04-13T12:51:08.094Z,20.47,83.96,0.00,21.99,361,0.00
2026-04-13T12:51:10.103Z,21.40,83.97,0.00,21.99,361,0.00
2026-04-13T12:51:12.113Z,12.97,83.97,0.00,21.99,361,0.00
2026-04-13T12:51:14.124Z,15.52,83.95,0.00,21.99,361,0.00
2026-04-13T12:51:16.127Z,14.29,83.97,0.00,21.99,361,0.00
2026-04-13T12:51:18.131Z,19.25,83.96,0.00,21.99,361,0.00
2026-04-13T12:51:20.136Z,15.72,84.02,0.00,21.99,361,0.00
2026-04-13T12:51:22.142Z,15.55,84.03,0.00,21.99,361,0.00
2026-04-13T12:51:24.154Z,24.97,84.43,0.00,21.99,363,0.00
2026-04-13T12:51:26.155Z,21.40,84.45,0.00,21.99,363,0.00
2026-04-13T12:51:28.158Z,16.95,84.49,0.00,21.99,363,0.00
2026-04-13T12:51:30.169Z,13.65,84.44,0.00,21.99,363,0.00
2026-04-13T12:51:32.183Z,20.80,84.56,0.00,21.99,363,0.00
2026-04-13T12:51:34.183Z,15.76,84.57,0.00,21.99,363,0.00
2026-04-13T12:51:36.189Z,14.05,84.60,0.00,21.99,363,0.00
2026-04-13T12:51:38.202Z,13.83,84.62,0.00,21.99,363,0.00
2026-04-13T12:51:40.212Z,14.80,84.60,0.00,21.99,363,0.00
2026-04-13T12:51:42.215Z,18.69,84.65,0.00,21.99,363,0.00
2026-04-13T12:51:44.220Z,20.80,84.66,0.00,21.99,363,0.00
2026-04-13T12:51:46.223Z,27.53,84.89,0.00,21.99,365,0.00
2026-04-13T12:51:48.223Z,23.47,84.91,0.00,21.99,365,0.00
2026-04-13T12:51:50.229Z,19.89,84.95,0.00,21.99,365,0.00
2026-04-13T12:51:52.237Z,14.21,85.01,0.00,21.99,365,0.00
2026-04-13T12:51:54.241Z,19.34,84.98,0.00,21.99,365,0.00
2026-04-13T12:51:56.253Z,18.82,85.02,0.00,21.99,365,0.00
2026-04-13T12:51:58.255Z,16.58,85.12,0.00,21.99,365,0.00
2026-04-13T12:52:00.267Z,15.42,85.19,0.00,21.99,365,0.00
2026-04-13T12:52:02.280Z,15.66,85.28,0.00,21.99,365,0.00
2026-04-13T12:52:04.293Z,15.02,85.15,0.00,21.99,365,0.00
2026-04-13T12:52:06.297Z,15.85,85.04,0.00,21.99,365,0.00
2026-04-13T12:52:08.300Z,28.50,85.15,0.00,21.99,365,0.00
2026-04-13T12:52:10.302Z,25.28,85.17,0.00,21.99,365,0.00
2026-04-13T12:52:12.306Z,41.03,85.87,0.00,21.99,365,0.00
2026-04-13T12:52:14.310Z,24.28,85.93,0.00,21.99,365,0.00
2026-04-13T12:52:16.324Z,19.27,86.09,0.00,21.99,365,0.00
2026-04-13T12:52:18.326Z,18.06,86.15,0.00,21.99,365,0.00
2026-04-13T12:52:20.340Z,24.60,86.15,0.00,21.99,365,0.00
2026-04-13T12:52:22.342Z,22.07,86.20,0.00,21.99,364,0.00
2026-04-13T12:52:24.356Z,23.35,86.18,0.00,21.99,367,0.00
2026-04-13T12:52:26.362Z,30.11,86.45,0.00,21.99,367,0.00
2026-04-13T12:52:28.362Z,18.31,86.46,0.00,21.99,367,0.00
2026-04-13T12:52:30.368Z,16.38,86.42,0.00,21.99,367,0.00
2026-04-13T12:52:32.382Z,19.27,86.49,0.00,21.99,367,0.00
2026-04-13T12:52:34.395Z,18.62,86.44,0.00,21.99,367,0.00
2026-04-13T12:52:36.395Z,22.56,84.69,0.00,21.98,370,0.00
2026-04-13T12:52:38.407Z,29.27,84.37,0.00,21.98,370,0.00
2026-04-13T12:52:40.420Z,19.90,84.44,0.00,21.98,370,0.00
2026-04-13T12:52:42.431Z,15.30,84.43,0.00,21.98,370,0.00
2026-04-13T12:52:44.436Z,15.31,84.44,0.00,21.98,370,0.00
2026-04-13T12:52:46.448Z,14.82,84.07,0.00,21.98,372,0.00
2026-04-13T12:52:48.463Z,51.04,86.88,0.00,21.98,375,0.00
2026-04-13T12:52:50.477Z,22.38,86.83,0.00,21.98,373,0.00
2026-04-13T12:52:52.485Z,21.46,86.73,0.00,21.98,373,0.00
2026-04-13T12:52:54.487Z,19.59,86.71,0.00,21.98,373,0.00
2026-04-13T12:52:56.495Z,21.35,86.64,0.00,21.98,373,0.00
2026-04-13T12:52:58.499Z,35.62,86.21,0.00,21.98,372,0.00
2026-04-13T12:53:00.500Z,21.33,86.38,0.00,21.98,372,0.00
2026-04-13T12:53:02.502Z,19.18,86.38,0.00,21.98,372,0.00
2026-04-13T12:53:04.504Z,18.54,86.19,0.00,21.98,371,0.00
2026-04-13T12:53:06.514Z,20.82,85.84,0.00,21.98,371,0.00
2026-04-13T12:53:08.518Z,16.24,85.67,0.00,21.98,371,0.00
2026-04-13T12:53:10.520Z,16.60,85.62,0.00,21.98,371,0.00
2026-04-13T12:53:12.532Z,13.95,85.65,0.00,21.98,371,0.00
2026-04-13T12:53:14.537Z,17.38,85.70,0.00,21.98,371,0.00
2026-04-13T12:53:16.543Z,17.27,85.69,0.00,21.98,371,0.00
2026-04-13T12:53:18.555Z,23.76,85.78,0.00,21.98,372,0.00
2026-04-13T12:53:20.559Z,37.40,86.09,0.00,21.96,372,0.00
2026-04-13T12:53:22.571Z,28.44,86.01,0.00,21.96,372,0.00
2026-04-13T12:53:24.585Z,23.03,86.08,0.00,21.96,372,0.00
2026-04-13T12:53:26.592Z,20.88,86.04,0.00,21.96,372,0.00
2026-04-13T12:53:28.600Z,17.69,86.05,0.00,21.96,373,0.00
2026-04-13T12:53:30.600Z,33.56,87.03,0.00,21.96,373,0.00
2026-04-13T12:53:32.605Z,26.46,87.26,0.00,21.96,373,0.00
2026-04-13T12:53:34.606Z,27.41,87.61,0.00,21.96,373,0.00
2026-04-13T12:53:36.608Z,24.54,87.67,0.00,21.96,373,0.00
2026-04-13T12:53:38.612Z,24.96,87.86,0.00,21.96,373,0.00
2026-04-13T12:53:40.623Z,20.88,87.90,0.00,21.96,373,0.00
2026-04-13T12:53:42.634Z,24.99,88.30,0.00,21.94,374,0.00
2026-04-13T12:53:44.641Z,21.85,88.36,0.00,21.94,374,0.00
2026-04-13T12:53:46.649Z,30.31,87.71,0.00,21.94,373,0.00
2026-04-13T12:53:48.660Z,22.68,87.52,0.00,21.94,373,0.00
2026-04-13T12:53:50.672Z,19.07,87.41,0.00,21.94,373,0.00
2026-04-13T12:53:52.678Z,35.14,89.05,0.00,21.94,372,0.00
2026-04-13T12:53:54.679Z,40.15,87.87,0.00,21.94,372,0.00
2026-04-13T12:53:56.685Z,30.90,86.85,0.00,21.94,372,0.00
2026-04-13T12:53:58.692Z,25.57,85.82,0.00,21.94,372,0.00
2026-04-13T12:54:00.692Z,25.58,84.79,0.00,21.94,372,0.00
2026-04-13T12:54:02.692Z,25.54,84.02,0.00,21.94,372,0.00
2026-04-13T12:54:04.707Z,21.01,84.08,0.00,21.94,372,0.00
2026-04-13T12:54:06.709Z,20.94,84.19,0.00,21.94,372,0.00
2026-04-13T12:54:08.720Z,20.86,84.25,0.00,21.94,372,0.00
2026-04-13T12:54:10.732Z,23.35,84.17,0.00,21.94,372,0.00
2026-04-13T12:54:12.741Z,20.75,84.30,0.00,21.94,372,0.00
2026-04-13T12:54:14.742Z,15.94,84.27,0.00,21.94,372,0.00
2026-04-13T12:54:16.742Z,16.02,84.52,0.00,21.94,373,0.00
2026-04-13T12:54:18.754Z,28.69,84.79,0.00,21.94,373,0.00
2026-04-13T12:54:20.758Z,25.31,84.80,0.00,21.94,373,0.00
2026-04-13T12:54:22.758Z,22.71,85.80,0.00,21.82,373,0.00
2026-04-13T12:54:24.761Z,24.96,85.32,0.00,21.81,372,0.00
2026-04-13T12:54:26.774Z,24.86,85.60,0.00,21.81,373,0.00
2026-04-13T12:54:28.788Z,29.38,85.66,0.00,21.81,373,0.00
2026-04-13T12:54:30.795Z,19.00,85.13,0.00,21.81,373,0.00
2026-04-13T12:54:32.799Z,27.46,85.93,0.00,21.81,373,0.00
2026-04-13T12:54:34.810Z,27.53,85.71,0.00,21.81,373,0.00
2026-04-13T12:54:36.816Z,25.77,85.74,0.00,21.81,373,0.00
2026-04-13T12:54:38.821Z,31.65,85.69,0.00,21.81,373,0.00
2026-04-13T12:54:40.833Z,31.48,85.81,0.00,21.81,379,0.00
2026-04-13T12:54:42.842Z,39.70,86.20,0.00,21.80,379,0.00
2026-04-13T12:54:44.843Z,27.99,86.18,0.00,21.80,379,0.00
2026-04-13T12:54:46.844Z,29.31,86.22,0.00,21.80,379,0.00
2026-04-13T12:54:48.853Z,32.27,86.40,0.00,21.80,379,0.00
2026-04-13T12:54:50.864Z,32.45,86.39,0.00,21.80,379,0.00
2026-04-13T12:54:52.868Z,29.66,86.54,0.00,21.80,379,0.00
2026-04-13T12:54:54.877Z,32.80,86.55,0.00,21.80,379,0.00
2026-04-13T12:54:56.883Z,26.73,86.56,0.00,21.80,378,0.00
2026-04-13T12:54:58.888Z,36.39,86.35,0.00,21.80,378,0.00
2026-04-13T12:55:00.896Z,36.63,86.37,0.00,20.07,378,0.00
2026-04-13T12:55:02.912Z,25.14,86.90,0.00,19.67,378,0.00
2026-04-13T12:55:04.912Z,22.10,86.62,0.00,19.66,378,0.00
2026-04-13T12:55:06.922Z,22.05,86.53,0.00,19.66,378,0.00
2026-04-13T12:55:08.930Z,24.65,86.36,0.00,19.66,378,0.00
2026-04-13T12:55:10.936Z,21.79,86.50,0.00,19.66,378,0.00
2026-04-13T12:55:12.938Z,17.61,86.54,0.00,19.66,378,0.00
2026-04-13T12:55:14.951Z,23.42,86.56,0.00,19.66,378,0.00
2026-04-13T12:55:16.960Z,16.22,86.57,0.00,19.66,378,0.00
2026-04-13T12:55:18.970Z,18.01,86.81,0.00,19.54,378,0.00
2026-04-13T12:55:20.984Z,23.74,86.82,0.00,19.54,378,0.00
2026-04-13T12:55:22.984Z,17.49,87.06,0.00,19.54,378,0.00
2026-04-13T12:55:24.994Z,23.45,86.91,0.00,19.54,378,0.00
2026-04-13T12:55:26.997Z,25.78,86.81,0.00,19.54,381,0.00
2026-04-13T12:55:29.004Z,27.61,86.87,0.00,19.54,379,0.00
2026-04-13T12:55:31.007Z,26.23,87.07,0.00,19.54,379,0.00
2026-04-13T12:55:33.011Z,33.79,87.15,0.00,19.54,379,0.00
2026-04-13T12:55:35.011Z,25.27,86.90,0.00,19.54,379,0.00
2026-04-13T12:55:37.027Z,17.00,87.13,0.00,19.54,379,0.00
2026-04-13T12:55:39.040Z,18.60,87.05,0.00,19.54,379,0.00
2026-04-13T12:55:41.047Z,17.71,87.05,0.00,19.54,376,0.00
2026-04-13T12:55:43.052Z,31.81,87.03,0.00,19.53,376,0.00
2026-04-13T12:55:45.059Z,38.10,87.13,0.00,19.53,376,0.00
2026-04-13T12:55:47.074Z,21.58,87.24,0.00,19.53,376,0.00
2026-04-13T12:55:49.075Z,16.33,87.10,0.00,19.53,375,0.00
2026-04-13T12:55:51.080Z,21.56,87.04,0.00,19.53,375,0.00
2026-04-13T12:55:53.088Z,25.29,86.90,0.00,19.53,375,0.00
2026-04-13T12:55:55.089Z,26.85,87.01,0.00,19.53,375,0.00
2026-04-13T12:55:57.094Z,35.81,87.16,0.00,19.53,375,0.00
2026-04-13T12:55:59.098Z,24.90,87.29,0.00,19.53,375,0.00
2026-04-13T12:56:01.104Z,28.20,86.82,0.00,19.53,375,0.00
2026-04-13T12:56:03.108Z,27.99,86.99,0.00,19.53,375,0.00
2026-04-13T12:56:05.121Z,22.02,86.79,0.00,19.53,375,0.00
2026-04-13T12:56:07.127Z,22.10,86.83,0.00,19.53,375,0.00
2026-04-13T12:56:09.135Z,23.74,86.57,0.00,19.53,375,0.00
2026-04-13T12:56:11.152Z,27.24,86.70,0.00,19.53,374,0.00
2026-04-13T12:56:13.157Z,15.60,86.84,0.00,19.53,374,0.00
2026-04-13T12:56:15.162Z,36.48,87.40,0.00,19.53,375,0.00
2026-04-13T12:56:17.167Z,40.42,87.49,0.00,19.53,374,0.00
2026-04-13T12:56:19.178Z,23.12,87.44,0.00,19.53,374,0.00
2026-04-13T12:56:21.189Z,20.31,87.54,0.00,19.53,374,0.00
2026-04-13T12:56:23.194Z,23.64,87.64,0.00,19.53,374,0.00
2026-04-13T12:56:25.207Z,25.71,87.52,0.00,19.53,374,0.00
2026-04-13T12:56:27.215Z,17.29,87.57,0.00,19.53,374,0.00
2026-04-13T12:56:29.220Z,18.96,87.50,0.00,19.53,374,0.00
2026-04-13T12:56:31.221Z,21.19,87.44,0.00,19.53,374,0.00
2026-04-13T12:56:33.229Z,19.64,87.45,0.00,19.53,374,0.00
2026-04-13T12:56:35.232Z,35.10,88.05,0.00,19.53,374,0.00
2026-04-13T12:56:37.242Z,37.34,88.26,0.00,19.53,374,0.00
2026-04-13T12:56:39.256Z,41.34,88.68,0.00,19.53,377,0.00
2026-04-13T12:56:41.266Z,35.31,88.93,0.00,19.53,376,0.00
2026-04-13T12:56:43.277Z,42.23,87.34,0.00,23.53,378,0.00
2026-04-13T12:56:45.288Z,31.67,86.32,0.00,23.53,378,0.00
2026-04-13T12:56:47.301Z,22.78,86.34,0.00,23.53,378,0.00
2026-04-13T12:56:49.313Z,24.35,86.34,0.00,23.53,378,0.00
2026-04-13T12:56:51.315Z,26.10,86.75,0.00,23.53,378,0.00
2026-04-13T12:56:53.323Z,25.09,86.70,0.00,23.49,379,0.00
2026-04-13T12:56:55.332Z,27.46,87.14,0.00,23.49,379,0.00
2026-04-13T12:56:57.337Z,25.34,87.20,0.00,23.49,379,0.00
2026-04-13T12:56:59.340Z,15.28,87.15,0.00,23.49,379,0.00
2026-04-13T12:57:01.355Z,17.89,86.96,0.00,23.49,379,0.00
2026-04-13T12:57:03.362Z,14.05,86.84,0.00,23.49,379,0.00
2026-04-13T12:57:05.363Z,15.31,86.91,0.00,23.49,379,0.00
2026-04-13T12:57:07.372Z,20.52,86.94,0.00,23.49,379,0.00
2026-04-13T12:57:09.371Z,16.40,86.99,0.00,23.49,379,0.00
2026-04-13T12:57:11.385Z,15.35,86.72,0.00,23.49,379,0.00
2026-04-13T12:57:13.389Z,15.90,86.63,0.00,23.49,379,0.00
2026-04-13T12:57:15.393Z,14.90,86.79,0.00,23.49,379,0.00
2026-04-13T12:57:17.394Z,14.74,86.80,0.00,23.49,379,0.00
2026-04-13T12:57:19.400Z,17.51,86.78,0.00,23.49,379,0.00
2026-04-13T12:57:21.408Z,16.97,86.77,0.00,23.49,379,0.00
2026-04-13T12:57:23.412Z,15.30,86.75,0.00,23.49,379,0.00
2026-04-13T12:57:25.422Z,17.78,86.72,0.00,23.49,380,0.00
2026-04-13T12:57:27.435Z,27.45,87.23,0.00,23.48,381,0.00
2026-04-13T12:57:29.449Z,20.53,87.29,0.00,23.48,381,0.00
2026-04-13T12:57:31.454Z,19.05,87.34,0.00,23.48,381,0.00
2026-04-13T12:57:33.458Z,20.95,87.25,0.00,23.48,381,0.00
2026-04-13T12:57:35.463Z,18.88,87.31,0.00,23.53,381,0.00
2026-04-13T12:57:37.475Z,24.81,86.62,0.00,23.62,380,0.00
2026-04-13T12:57:39.478Z,18.62,86.61,0.00,23.62,380,0.00
2026-04-13T12:57:41.491Z,19.13,86.67,0.00,23.62,380,0.00
2026-04-13T12:57:43.494Z,23.10,86.61,0.00,23.62,380,0.00
2026-04-13T12:57:45.509Z,19.28,86.60,0.00,23.62,380,0.00
2026-04-13T12:57:47.510Z,20.71,86.58,0.00,23.62,380,0.00
2026-04-13T12:57:49.517Z,16.06,86.51,0.00,23.62,380,0.00
2026-04-13T12:57:51.526Z,20.30,86.31,0.00,23.62,380,0.00
2026-04-13T12:57:53.529Z,13.36,86.36,0.00,23.62,380,0.00
2026-04-13T12:57:55.537Z,18.62,86.48,0.00,23.62,379,0.00
2026-04-13T12:57:57.538Z,16.98,86.31,0.00,23.62,379,0.00
2026-04-13T12:57:59.553Z,16.87,86.26,0.00,23.62,379,0.00
2026-04-13T12:58:01.563Z,20.21,86.22,0.00,23.62,379,0.00
2026-04-13T12:58:03.575Z,18.94,86.28,0.00,23.62,379,0.00
2026-04-13T12:58:05.589Z,23.37,86.27,0.00,23.62,379,0.00
2026-04-13T12:58:07.593Z,19.14,86.33,0.00,23.62,379,0.00
2026-04-13T12:58:09.593Z,28.01,85.96,0.00,23.59,378,0.00
2026-04-13T12:58:11.600Z,15.14,85.63,0.00,23.59,378,0.00
2026-04-13T12:58:13.615Z,22.35,85.67,0.00,23.58,378,0.00
2026-04-13T12:58:15.623Z,20.68,85.74,0.00,23.58,378,0.00
2026-04-13T12:58:17.625Z,15.73,85.52,0.00,23.58,378,0.00
2026-04-13T12:58:19.638Z,17.15,85.04,0.00,23.58,376,0.00
2026-04-13T12:58:21.640Z,24.08,85.21,0.00,23.58,376,0.00
2026-04-13T12:58:23.655Z,13.79,85.16,0.00,23.58,376,0.00
2026-04-13T12:58:25.668Z,19.22,85.20,0.00,23.58,376,0.00
2026-04-13T12:58:27.682Z,16.44,85.21,0.00,23.58,376,0.00
2026-04-13T12:58:29.682Z,17.98,85.18,0.00,23.58,376,0.00
2026-04-13T12:58:31.686Z,17.20,85.20,0.00,23.58,376,0.00
2026-04-13T12:58:33.691Z,13.71,85.11,0.00,23.58,376,0.00
2026-04-13T12:58:35.693Z,15.56,85.08,0.00,23.58,376,0.00
2026-04-13T12:58:37.695Z,14.79,85.09,0.00,23.58,376,0.00
2026-04-13T12:58:39.710Z,16.34,84.95,0.00,23.58,376,0.00
2026-04-13T12:58:41.713Z,17.82,85.02,0.00,23.58,377,0.00
2026-04-13T12:58:43.718Z,16.97,85.02,0.00,23.58,376,0.00
2026-04-13T12:58:45.732Z,16.59,85.01,0.00,23.57,376,0.00
2026-04-13T12:58:47.746Z,15.38,85.04,0.00,23.57,376,0.00
2026-04-13T12:58:49.757Z,14.22,85.01,0.00,23.57,376,0.00
2026-04-13T12:58:51.771Z,11.60,85.02,0.00,23.57,376,0.00
2026-04-13T12:58:53.773Z,17.12,85.17,0.00,23.57,376,0.00
2026-04-13T12:58:55.774Z,17.94,85.17,0.00,23.57,376,0.00
2026-04-13T12:58:57.780Z,22.31,85.09,0.00,23.57,375,0.00
2026-04-13T12:58:59.782Z,25.38,85.87,0.00,23.57,377,0.00
2026-04-13T12:59:01.787Z,18.25,85.59,0.00,23.57,377,0.00
2026-04-13T12:59:03.800Z,15.53,85.53,0.00,23.57,376,0.00
2026-04-13T12:59:05.811Z,15.39,85.33,0.00,23.57,376,0.00
2026-04-13T12:59:07.822Z,24.33,85.34,0.00,23.57,376,0.00
2026-04-13T12:59:09.836Z,25.15,85.52,0.00,23.57,376,0.00
2026-04-13T12:59:11.844Z,14.93,85.48,0.00,23.57,376,0.00
2026-04-13T12:59:13.843Z,28.52,85.88,0.00,23.56,377,0.00
2026-04-13T12:59:15.858Z,28.74,86.37,0.00,23.46,377,0.00
2026-04-13T12:59:17.866Z,22.93,86.29,0.00,23.46,378,0.00
2026-04-13T12:59:19.878Z,27.13,86.48,0.00,23.46,377,0.00
2026-04-13T12:59:21.886Z,21.88,86.56,0.00,23.46,377,0.00
2026-04-13T12:59:23.891Z,15.68,86.52,0.00,23.46,376,0.00
2026-04-13T12:59:25.907Z,27.48,86.58,0.00,23.42,378,0.00
2026-04-13T12:59:27.917Z,22.71,87.10,0.00,23.42,378,0.00
2026-04-13T12:59:29.928Z,34.07,88.20,0.00,23.37,379,0.00
2026-04-13T12:59:31.932Z,24.47,88.12,0.00,22.92,379,0.00
2026-04-13T12:59:33.940Z,23.06,88.26,0.00,22.91,380,0.00
2026-04-13T12:59:35.954Z,26.63,88.27,0.00,22.91,380,0.00
2026-04-13T12:59:37.962Z,25.24,88.03,0.00,22.91,379,0.00
2026-04-13T12:59:39.973Z,18.99,87.99,0.00,22.91,379,0.00
2026-04-13T12:59:41.978Z,20.22,88.08,0.00,22.91,379,0.00
2026-04-13T12:59:43.988Z,21.45,87.98,0.00,22.90,379,0.00
2026-04-13T12:59:45.990Z,22.39,88.31,0.00,22.90,379,0.00
2026-04-13T12:59:48.000Z,20.62,88.30,0.00,22.90,380,0.00
2026-04-13T12:59:50.005Z,19.82,88.15,0.00,22.90,380,0.00
2026-04-13T12:59:52.012Z,19.70,88.04,0.00,22.90,379,0.00
2026-04-13T12:59:54.026Z,21.11,88.05,0.00,22.90,379,0.00
2026-04-13T12:59:56.038Z,19.87,88.04,0.00,22.90,379,0.00
2026-04-13T12:59:58.047Z,19.83,87.92,0.00,22.90,379,0.00
2026-04-13T13:00:00.058Z,17.63,87.98,0.00,22.90,379,0.00
2026-04-13T13:00:02.070Z,22.72,87.86,0.00,22.90,379,0.00
2026-04-13T13:00:04.079Z,21.35,87.94,0.00,22.90,379,0.00
2026-04-13T13:00:06.088Z,19.96,87.97,0.00,22.90,379,0.00
2026-04-13T13:00:08.096Z,21.94,87.07,0.00,22.90,378,0.00
2026-04-13T13:00:10.104Z,17.65,87.11,0.00,22.90,378,0.00
2026-04-13T13:00:12.111Z,16.55,87.09,0.00,22.90,378,0.00
2026-04-13T13:00:14.124Z,22.80,87.08,0.00,22.90,378,0.00
2026-04-13T13:00:16.125Z,28.88,87.40,0.00,22.90,378,0.00
2026-04-13T13:00:18.126Z,23.38,87.49,0.00,22.90,379,0.00
2026-04-13T13:00:20.136Z,51.20,88.46,0.00,22.33,379,0.00
2026-04-13T13:00:22.155Z,23.51,88.15,0.00,22.33,379,0.00
2026-04-13T13:00:24.163Z,24.82,88.07,0.00,22.28,381,0.00
2026-04-13T13:00:26.164Z,21.21,88.05,0.00,22.28,380,0.00
2026-04-13T13:00:28.175Z,27.82,87.96,0.00,22.27,381,0.00
2026-04-13T13:00:30.179Z,22.11,88.31,0.00,22.27,383,0.00
2026-04-13T13:00:32.187Z,28.82,88.66,0.00,22.22,382,0.00
2026-04-13T13:00:34.187Z,34.91,88.97,0.00,22.22,382,0.00
2026-04-13T13:00:36.188Z,71.09,89.43,0.00,22.21,382,0.00
2026-04-13T13:00:38.199Z,35.50,90.10,0.00,21.08,388,0.00
2026-04-13T13:00:40.199Z,64.99,89.98,0.00,21.08,386,0.00
2026-04-13T13:00:42.199Z,52.42,89.97,0.00,21.06,385,0.00
2026-04-13T13:00:44.210Z,32.10,89.99,0.00,21.05,385,0.00
2026-04-13T13:00:46.224Z,33.44,90.13,0.00,21.05,386,0.00
2026-04-13T13:00:48.227Z,41.05,90.93,0.00,21.05,386,0.00
2026-04-13T13:00:50.238Z,29.21,90.93,0.00,21.05,386,0.00
2026-04-13T13:00:52.241Z,25.41,90.80,0.00,21.05,386,0.00
2026-04-13T13:00:54.251Z,24.40,90.73,0.00,21.05,386,0.00
2026-04-13T13:00:56.262Z,16.02,90.63,0.00,21.05,386,0.00
2026-04-13T13:00:58.274Z,19.27,90.57,0.00,21.05,386,0.00
2026-04-13T13:01:00.284Z,15.45,90.49,0.00,21.05,386,0.00
2026-04-13T13:01:02.299Z,14.75,90.51,0.00,21.05,386,0.00
2026-04-13T13:01:04.305Z,14.26,90.53,0.00,21.05,386,0.00
2026-04-13T13:01:06.318Z,15.87,90.52,0.00,21.05,386,0.00
2026-04-13T13:01:08.333Z,21.81,90.34,0.00,21.05,385,0.00
2026-04-13T13:01:10.344Z,16.35,90.22,0.00,21.05,385,0.00
2026-04-13T13:01:12.354Z,14.30,90.22,0.00,21.05,385,0.00
2026-04-13T13:01:14.361Z,18.70,90.23,0.00,21.05,385,0.00
2026-04-13T13:01:16.368Z,18.09,90.29,0.00,21.05,384,0.00
2026-04-13T13:01:18.379Z,17.82,90.10,0.00,21.05,383,0.00
2026-04-13T13:01:20.391Z,14.34,90.13,0.00,21.05,383,0.00
2026-04-13T13:01:22.396Z,14.24,90.14,0.00,21.12,382,0.00
2026-04-13T13:01:24.396Z,19.92,89.89,0.00,21.12,382,0.00
2026-04-13T13:01:26.402Z,14.14,89.91,0.00,21.12,382,0.00
2026-04-13T13:01:28.405Z,16.09,90.01,0.00,21.12,382,0.00
2026-04-13T13:01:30.418Z,13.87,90.03,0.00,21.12,384,0.00
2026-04-13T13:01:32.417Z,30.67,90.30,0.00,21.12,384,0.00
2026-04-13T13:01:34.420Z,17.67,89.99,0.00,21.12,384,0.00
2026-04-13T13:01:36.432Z,25.98,90.20,0.00,21.12,384,0.00
2026-04-13T13:01:38.434Z,25.55,89.46,0.00,22.37,382,0.00
2026-04-13T13:01:40.447Z,34.28,88.81,0.00,22.37,382,0.00
2026-04-13T13:01:42.461Z,32.96,88.77,0.00,22.37,382,0.00
2026-04-13T13:01:44.463Z,24.90,88.80,0.00,22.37,382,0.00
2026-04-13T13:01:46.477Z,31.25,88.85,0.00,22.37,382,0.00
2026-04-13T13:01:48.477Z,27.56,88.83,0.00,22.37,382,0.00
2026-04-13T13:01:50.488Z,18.11,88.82,0.00,22.37,382,0.00
2026-04-13T13:01:52.488Z,14.86,88.76,0.00,22.37,382,0.00
2026-04-13T13:01:54.494Z,16.15,88.87,0.00,22.37,382,0.00
2026-04-13T13:01:56.504Z,16.76,88.81,0.00,22.37,382,0.00
2026-04-13T13:01:58.516Z,16.60,88.56,0.00,22.37,381,0.00
2026-04-13T13:02:00.528Z,15.44,88.48,0.00,22.37,381,0.00
2026-04-13T13:02:02.542Z,19.99,88.47,0.00,22.37,381,0.00
2026-04-13T13:02:04.543Z,15.21,88.45,0.00,22.37,381,0.00
2026-04-13T13:02:06.555Z,20.67,88.39,0.00,22.37,381,0.00
2026-04-13T13:02:08.563Z,18.05,88.31,0.00,22.37,381,0.00
2026-04-13T13:02:10.571Z,22.64,88.67,0.00,22.37,382,0.00
2026-04-13T13:02:12.585Z,15.81,88.62,0.00,22.37,382,0.00
2026-04-13T13:02:14.597Z,14.78,88.57,0.00,22.37,382,0.00
2026-04-13T13:02:16.598Z,14.31,88.32,0.00,22.37,381,0.00
2026-04-13T13:02:18.614Z,26.74,88.16,0.00,22.37,381,0.00
2026-04-13T13:02:20.625Z,15.29,88.26,0.00,22.37,381,0.00
2026-04-13T13:02:22.628Z,14.83,88.30,0.00,22.37,381,0.00
2026-04-13T13:02:24.628Z,15.98,88.32,0.00,22.37,381,0.00
2026-04-13T13:02:26.634Z,16.64,88.24,0.00,22.37,382,0.00
2026-04-13T13:02:28.646Z,21.65,88.10,0.00,22.37,382,0.00
2026-04-13T13:02:30.655Z,16.51,88.13,0.00,22.37,382,0.00
2026-04-13T13:02:32.669Z,15.39,88.03,0.00,22.37,382,0.00
2026-04-13T13:02:34.681Z,14.80,88.04,0.00,22.37,382,0.00
2026-04-13T13:02:36.685Z,19.98,87.68,0.00,22.65,382,0.00
2026-04-13T13:02:38.695Z,17.45,87.78,0.00,22.65,383,0.00
2026-04-13T13:02:40.709Z,23.83,88.04,0.00,22.65,383,0.00
2026-04-13T13:02:42.724Z,23.00,87.90,0.00,22.65,381,0.00
2026-04-13T13:02:44.737Z,16.86,87.85,0.00,22.65,381,0.00
2026-04-13T13:02:46.747Z,22.65,88.83,0.00,22.11,382,0.00
2026-04-13T13:02:48.758Z,34.57,89.83,0.00,21.69,382,0.00
2026-04-13T13:02:50.771Z,19.71,89.85,0.00,21.69,383,0.00
2026-04-13T13:02:52.779Z,23.75,90.21,0.00,21.68,383,0.00
2026-04-13T13:02:54.785Z,18.05,90.28,0.00,21.68,383,0.00
2026-04-13T13:02:56.787Z,20.69,90.68,0.00,21.68,383,0.00
2026-04-13T13:02:58.802Z,17.76,90.35,0.00,21.68,383,0.00
2026-04-13T13:03:00.810Z,17.76,90.39,0.00,21.68,383,0.00
2026-04-13T13:03:02.822Z,21.19,90.49,0.00,21.68,383,0.00
2026-04-13T13:03:04.834Z,26.05,90.53,0.00,21.68,383,0.00
2026-04-13T13:03:06.845Z,20.28,90.58,0.00,21.68,383,0.00
2026-04-13T13:03:08.852Z,22.00,90.59,0.00,21.68,383,0.00
2026-04-13T13:03:10.854Z,24.34,90.41,0.00,21.61,383,0.00
2026-04-13T13:03:12.855Z,18.93,90.44,0.00,21.61,383,0.00
2026-04-13T13:03:14.861Z,22.18,90.56,0.00,21.61,383,0.00
2026-04-13T13:03:16.862Z,18.65,90.69,0.00,21.58,383,0.00
2026-04-13T13:03:18.863Z,18.12,90.75,0.00,21.57,383,0.00
2026-04-13T13:03:20.868Z,21.63,90.64,0.00,21.57,383,0.00
2026-04-13T13:03:22.875Z,23.45,90.46,0.00,21.52,383,0.00
2026-04-13T13:03:24.877Z,39.40,90.29,0.00,21.51,387,0.00
2026-04-13T13:03:26.892Z,32.30,90.28,0.00,21.51,387,0.00
2026-04-13T13:03:28.893Z,26.28,89.96,0.00,21.51,387,0.00
2026-04-13T13:03:30.901Z,26.07,90.12,0.00,21.51,386,0.00
2026-04-13T13:03:32.903Z,18.05,90.00,0.00,21.51,386,0.00
2026-04-13T13:03:34.912Z,21.98,90.00,0.00,21.51,386,0.00
2026-04-13T13:03:36.918Z,19.74,90.06,0.00,21.51,386,0.00
2026-04-13T13:03:38.928Z,22.22,90.08,0.00,21.51,386,0.00
2026-04-13T13:03:40.940Z,21.70,90.13,0.00,21.51,386,0.00
2026-04-13T13:03:42.949Z,23.59,90.31,0.00,21.51,386,0.00
2026-04-13T13:03:44.956Z,19.52,90.29,0.00,21.51,386,0.00
2026-04-13T13:03:46.966Z,17.97,90.35,0.00,21.51,387,0.00
2026-04-13T13:03:48.977Z,29.91,91.24,0.00,21.51,387,0.00
2026-04-13T13:03:50.986Z,16.36,91.17,0.00,21.51,387,0.00
2026-04-13T13:03:52.994Z,27.51,91.10,0.00,21.51,387,0.00
2026-04-13T13:03:55.000Z,22.91,91.16,0.00,21.51,386,0.00
2026-04-13T13:03:57.003Z,23.78,91.10,0.00,21.51,386,0.00
2026-04-13T13:03:59.017Z,30.15,91.47,0.00,21.51,386,0.00
2026-04-13T13:04:01.028Z,19.64,91.49,0.00,21.51,386,0.00
2026-04-13T13:04:03.044Z,21.38,91.44,0.00,21.51,386,0.00
2026-04-13T13:04:05.053Z,17.29,91.43,0.00,21.51,386,0.00
2026-04-13T13:04:07.065Z,23.31,91.51,0.00,21.51,386,0.00
2026-04-13T13:04:09.073Z,21.28,91.81,0.00,21.51,386,0.00
2026-04-13T13:04:11.083Z,17.64,91.58,0.00,21.51,386,0.00
2026-04-13T13:04:13.084Z,20.04,91.71,0.00,21.51,385,0.00
2026-04-13T13:04:15.097Z,16.88,91.49,0.00,21.51,385,0.00
2026-04-13T13:04:17.104Z,17.26,91.59,0.00,21.51,385,0.00
2026-04-13T13:04:19.114Z,21.49,91.37,0.00,21.51,385,0.00
2026-04-13T13:04:21.117Z,19.38,91.36,0.00,21.51,385,0.00
2026-04-13T13:04:23.128Z,21.55,91.22,0.00,21.51,385,0.00
2026-04-13T13:04:25.140Z,21.07,91.24,0.00,21.51,385,0.00
2026-04-13T13:04:27.150Z,21.10,91.15,0.00,21.51,383,0.00
2026-04-13T13:04:29.149Z,20.96,91.24,0.00,21.51,383,0.00
2026-04-13T13:04:31.157Z,16.43,91.32,0.00,21.51,383,0.00
2026-04-13T13:04:33.169Z,28.44,91.64,0.00,21.51,383,0.00
2026-04-13T13:04:35.186Z,23.51,91.77,0.00,21.50,383,0.00
2026-04-13T13:04:37.213Z,19.21,91.79,0.00,21.50,383,0.00
2026-04-13T13:04:39.218Z,17.98,91.67,0.00,21.50,383,0.00
2026-04-13T13:04:41.219Z,18.83,91.57,0.00,21.50,383,0.00
2026-04-13T13:04:43.218Z,22.04,91.39,0.00,21.50,383,0.00
2026-04-13T13:04:45.219Z,21.86,91.29,0.00,21.50,383,0.00
2026-04-13T13:04:47.220Z,19.37,91.26,0.00,21.50,383,0.00
2026-04-13T13:04:49.230Z,18.87,91.31,0.00,21.50,383,0.00
2026-04-13T13:04:51.241Z,19.99,91.24,0.00,21.50,383,0.00
2026-04-13T13:04:53.254Z,21.68,91.43,0.00,21.50,383,0.00
2026-04-13T13:04:55.255Z,16.33,91.29,0.00,21.50,383,0.00
2026-04-13T13:04:57.260Z,21.23,91.07,0.00,21.48,383,0.00
2026-04-13T13:04:59.267Z,20.90,91.14,0.00,21.48,383,0.00
2026-04-13T13:05:01.275Z,25.66,91.34,0.00,21.48,389,0.00
2026-04-13T13:05:03.276Z,33.41,91.52,0.00,21.48,402,0.00
2026-04-13T13:05:05.280Z,77.21,91.66,0.00,21.48,382,0.00
2026-04-13T13:05:07.282Z,43.86,91.62,0.00,21.48,382,0.00
2026-04-13T13:05:09.298Z,29.04,91.62,0.00,21.48,381,0.00
2026-04-13T13:05:11.309Z,27.77,91.54,0.00,21.48,381,0.00
2026-04-13T13:05:13.329Z,26.33,91.36,0.00,21.48,382,0.00
2026-04-13T13:05:15.330Z,31.79,91.42,0.00,21.48,386,0.00
2026-04-13T13:05:17.336Z,29.81,91.61,0.00,21.48,387,0.00
2026-04-13T13:05:19.342Z,26.85,91.57,0.00,21.48,384,0.00
2026-04-13T13:05:21.356Z,25.31,91.54,0.00,21.48,382,0.00
2026-04-13T13:05:23.368Z,28.00,91.43,0.00,21.48,382,0.00
2026-04-13T13:05:25.369Z,26.60,91.20,0.00,21.48,382,0.00
2026-04-13T13:05:27.379Z,25.81,91.22,0.00,21.48,382,0.00
2026-04-13T13:05:29.393Z,25.72,90.79,0.00,21.48,382,0.00
2026-04-13T13:05:31.395Z,27.04,90.63,0.00,21.48,382,0.00
2026-04-13T13:05:33.400Z,26.60,90.50,0.00,21.48,382,0.00
2026-04-13T13:05:35.406Z,27.98,90.57,0.00,21.48,382,0.00
2026-04-13T13:05:37.419Z,26.96,90.61,0.00,21.48,382,0.00
2026-04-13T13:05:39.433Z,31.39,90.59,0.00,21.48,383,0.00
2026-04-13T13:05:41.433Z,30.43,90.84,0.00,21.48,383,0.00
2026-04-13T13:05:43.456Z,28.89,90.86,0.00,21.48,383,0.00
2026-04-13T13:05:45.459Z,28.53,90.84,0.00,21.48,383,0.00
2026-04-13T13:05:47.469Z,28.87,90.61,0.00,21.48,382,0.00
2026-04-13T13:05:49.476Z,26.76,90.31,0.00,21.48,382,0.00
2026-04-13T13:05:51.481Z,28.59,90.27,0.00,21.48,383,0.00
2026-04-13T13:05:53.491Z,35.15,90.38,0.00,21.48,383,0.00
2026-04-13T13:05:55.502Z,38.26,90.57,0.00,21.48,383,0.00
2026-04-13T13:05:57.515Z,35.28,90.51,0.00,21.48,381,0.00
2026-04-13T13:05:59.520Z,28.46,90.54,0.00,21.48,381,0.00
2026-04-13T13:06:01.523Z,31.28,90.42,0.00,21.48,381,0.00
2026-04-13T13:06:03.524Z,30.51,90.52,0.00,21.48,382,0.00
2026-04-13T13:06:05.530Z,27.57,90.55,0.00,21.48,382,0.00
2026-04-13T13:06:07.541Z,18.44,90.64,0.00,21.48,382,0.00
2026-04-13T13:06:09.546Z,19.88,90.54,0.00,21.48,382,0.00
2026-04-13T13:06:11.546Z,30.42,90.71,0.00,21.48,382,0.00
2026-04-13T13:06:13.553Z,20.75,90.39,0.00,21.48,382,0.00
2026-04-13T13:06:15.567Z,23.16,90.48,0.00,21.48,382,0.00
2026-04-13T13:06:17.566Z,21.46,90.46,0.00,21.48,382,0.00
2026-04-13T13:06:19.574Z,21.08,90.46,0.00,21.48,382,0.00
2026-04-13T13:06:21.574Z,16.36,90.39,0.00,21.48,381,0.00
2026-04-13T13:06:23.588Z,19.40,90.40,0.00,21.48,381,0.00
2026-04-13T13:06:25.592Z,19.28,90.44,0.00,21.48,382,0.00
2026-04-13T13:06:27.608Z,18.92,90.55,0.00,21.48,383,0.00
2026-04-13T13:06:29.611Z,15.83,90.64,0.00,21.48,383,0.00
2026-04-13T13:06:31.621Z,26.13,90.66,0.00,21.48,382,0.00
2026-04-13T13:06:33.626Z,32.65,90.67,0.00,21.48,382,0.00
2026-04-13T13:06:35.632Z,29.51,90.46,0.00,21.48,382,0.00
2026-04-13T13:06:37.633Z,28.74,90.50,0.00,21.48,382,0.00
2026-04-13T13:06:39.642Z,28.83,90.39,0.00,21.48,383,0.00
2026-04-13T13:06:41.642Z,42.24,90.63,0.00,21.48,384,0.00
2026-04-13T13:06:43.649Z,40.64,90.79,0.00,21.48,384,0.00
2026-04-13T13:06:45.660Z,38.62,90.70,0.00,21.48,384,0.00
2026-04-13T13:06:47.662Z,38.20,90.71,0.00,21.48,384,0.00
2026-04-13T13:06:49.676Z,32.75,90.67,0.00,21.48,384,0.00
2026-04-13T13:06:51.691Z,28.30,90.77,0.00,21.47,384,0.00
2026-04-13T13:06:53.691Z,26.50,90.59,0.00,21.47,384,0.00
2026-04-13T13:06:55.701Z,27.06,90.61,0.00,21.47,384,0.00
2026-04-13T13:06:57.706Z,28.75,90.49,0.00,21.47,384,0.00
2026-04-13T13:06:59.716Z,26.49,90.49,0.00,21.47,384,0.00
2026-04-13T13:07:01.717Z,34.60,90.65,0.00,21.47,385,0.00
2026-04-13T13:07:03.722Z,31.14,90.60,0.00,21.47,385,0.00
2026-04-13T13:07:05.730Z,30.53,90.85,0.00,21.47,385,0.00
2026-04-13T13:07:07.737Z,38.10,91.40,0.00,21.47,385,0.00
2026-04-13T13:07:09.750Z,35.47,91.42,0.00,21.47,386,0.00
2026-04-13T13:07:11.762Z,49.58,91.12,0.00,21.47,389,0.00
2026-04-13T13:07:13.766Z,60.19,91.23,0.00,21.47,386,0.00
2026-04-13T13:07:15.772Z,42.83,90.89,0.00,21.47,386,0.00
2026-04-13T13:07:17.783Z,46.18,90.77,0.00,21.47,385,0.00
2026-04-13T13:07:19.791Z,44.44,90.60,0.00,21.47,385,0.00
2026-04-13T13:07:21.803Z,43.65,90.49,0.00,21.47,385,0.00
2026-04-13T13:07:23.813Z,44.14,90.56,0.00,21.47,385,0.00
2026-04-13T13:07:25.826Z,39.79,90.59,0.00,21.47,385,0.00
